Código do pedido;Código do cliente;Data do pedido;id_produto;quantidade;desconto (%);Estado;Cidade;Latitude;Longitude;ship_to_door;Column16;Column17;Column18;Categoria;Valor_compra;Column14;Column15
67714;9584;08/set/21;45;1;0;BA;Salvador;-129714;-385014;6;FENTY BEAUTY;Internacional;199;cabelos;199;1;1
39055;1277;16/set/24;58;1;0;MG;Belo Horizonte;-199245;-439352;6;NARS;Internacional;219;cabelos;219;1;1
12336;4483;01/out/24;118;1;0;BA;Salvador;-129714;-385014;6;KORRES;Internacional;14;cabelos;14;1;1
56760;3606;10/jun/24;12;1;0;CL;Santiago;-334489;-706693;6;SCHWARZKOPF PROFESSIONAL;Internacional;157;cabelos;157;1;1
23140;3783;04/jan/21;93;1;0;BA;Salvador;-129714;-385014;6;AZZARO;Internacional;349;cabelos;349;1;1
75633;8557;30/mar/24;80;1;0;MG;Belo Horizonte;-199245;-439352;6;BURBERRY;Internacional;719;cabelos;719;1;1
88258;7589;05/out/22;82;1;0;SP;São Paulo;-235505;-466333;6;GIORGIO ARMANI;Internacional;899;cabelos;899;1;1
58777;1492;12/ago/22;94;1;0;RJ;Rio de Janeiro;-229068;-431729;6;LOEWE;Internacional;2435;cabelos;2435;1;1
73878;8866;15/jan/24;56;1;0;MG;Belo Horizonte;-199245;-439352;6;DIOR BACKSTAGE;Internacional;229;cabelos;229;1;1
58563;2636;16/ago/21;102;1;0;BA;Salvador;-129714;-385014;6;SISLEY;Internacional;1590;cabelos;1590;1;1
42658;9148;08/jan/21;31;1;0;MG;Belo Horizonte;-199245;-439352;6;RARE BEAUTY;Internacional;169;cabelos;169;1;1
43243;8618;09/ago/22;55;1;0;MG;Belo Horizonte;-199245;-439352;6;GUERLAIN;Internacional;299;cabelos;299;1;1
16530;4929;24/mar/22;65;1;0;BA;Salvador;-129714;-385014;6;EMBRYOLISSE;Internacional;439;cabelos;439;1;1
35150;8470;09/out/21;35;1;0;BA;Salvador;-129714;-385014;6;EMBRYOLISSE;Internacional;189;cabelos;189;1;1
36170;7696;26/mai/23;118;1;0;MG;Belo Horizonte;-199245;-439352;6;KORRES;Internacional;14;cabelos;14;1;1
65426;4075;04/set/22;98;1;0;BA;Salvador;-129714;-385014;6;CAROLINA HERRERA;Internacional;629;cabelos;629;1;1
95751;4109;21/jul/23;30;1;0;BA;Salvador;-129714;-385014;6;NARS;Internacional;399;maquiagem;399;1;1
28099;7028;03/mai/22;13;1;0;MG;Belo Horizonte;-199245;-439352;6;SCHWARZKOPF PROFESSIONAL;Internacional;157;maquiagem;157;1;1
80969;1205;15/out/23;121;1;0;RJ;Rio de Janeiro;-229068;-431729;6;CLINIQUE;Internacional;299;maquiagem;299;1;1
94246;5591;17/abr/23;125;1;0;RJ;Rio de Janeiro;-229068;-431729;6;LA MER;Internacional;2699;maquiagem;2699;1;1
46598;2914;23/jul/23;86;1;0;BA;Salvador;-129714;-385014;6;PRADA;Internacional;1199;maquiagem;1199;1;1
96661;2903;31/dez/23;83;1;0;SP;São Paulo;-235505;-466333;6;CAROLINA HERRERA;Internacional;729;maquiagem;729;1;1
12659;7033;09/jun/22;124;1;0;RJ;Rio de Janeiro;-229068;-431729;6;GUERLAIN;Internacional;759;maquiagem;759;1;1
61875;4277;19/set/23;118;1;0;BA;Salvador;-129714;-385014;6;KORRES;Internacional;14;maquiagem;14;1;1
26288;8196;01/jan/22;93;1;0;AR;Buenos Aires;-346037;-583816;6;AZZARO;Internacional;349;maquiagem;349;1;1
50197;9751;03/ago/22;71;1;0;CL;Santiago;-334489;-706693;6;CAROLINA HERRERA;Internacional;185;maquiagem;185;1;1
50583;9475;18/ago/22;5;1;0;AR;Buenos Aires;-346037;-583816;6;KÉRASTASE;Internacional;237;maquiagem;237;1;1
95371;5396;01/dez/23;34;1;0;RJ;Rio de Janeiro;-229068;-431729;6;DIOR;Internacional;255;maquiagem;255;1;1
27709;4490;24/jun/21;59;1;0;AR;Buenos Aires;-346037;-583816;6;FENTY BEAUTY;Internacional;169;maquiagem;169;1;1
13828;4676;18/jun/21;48;1;0;SP;São Paulo;-235505;-466333;6;NARS;Internacional;339;maquiagem;339;1;1
32207;6039;27/abr/21;77;1;0;SP;São Paulo;-235505;-466333;6;GUERLAIN;Internacional;210;maquiagem;210;1;1
62893;1294;12/ago/23;16;1;0;RJ;Rio de Janeiro;-229068;-431729;6;KYLIE COSMETICS;Internacional;399;maquiagem;399;1;1
92909;5458;18/fev/23;57;1;0;BA;Salvador;-129714;-385014;6;EMBRYOLISSE;Internacional;229;maquiagem;229;1;1
54409;9033;17/jul/22;39;1;0;MG;Belo Horizonte;-199245;-439352;6;TOO FACED;Internacional;229;maquiagem;229;1;1
81975;3187;17/mai/22;7;1;0;SP;São Paulo;-235505;-466333;6;SISLEY;Internacional;600;maquiagem;600;1;1
32785;3330;27/abr/21;70;1;0;RJ;Rio de Janeiro;-229068;-431729;6;NARS;Internacional;209;maquiagem;209;1;1
20516;1661;23/ago/21;38;1;0;RJ;Rio de Janeiro;-229068;-431729;6;TOO FACED;Internacional;229;maquiagem;229;1;1
27514;1086;13/mai/23;97;1;0;SP;São Paulo;-235505;-466333;6;DIOR;Internacional;1005;maquiagem;1005;1;1
46027;3700;08/ago/24;93;1;0;CL;Santiago;-334489;-706693;6;AZZARO;Internacional;349;maquiagem;349;1;1
94162;7038;26/fev/21;121;1;0;RJ;Rio de Janeiro;-229068;-431729;6;CLINIQUE;Internacional;299;maquiagem;299;1;1
93555;8081;19/set/22;39;1;0;RJ;Rio de Janeiro;-229068;-431729;6;TOO FACED;Internacional;229;maquiagem;229;1;1
55734;8117;15/abr/24;95;1;0;MG;Belo Horizonte;-199245;-439352;6;VICTORIO & LUCCHINO;Internacional;179;maquiagem;179;1;1
31312;1146;02/abr/23;119;1;0;RJ;Rio de Janeiro;-229068;-431729;6;KORRES;Internacional;14;maquiagem;14;1;1
94526;4453;21/abr/22;122;1;0;RJ;Rio de Janeiro;-229068;-431729;6;CLARINS;Internacional;699;maquiagem;699;;
54179;5507;12/fev/23;62;1;0;MG;Belo Horizonte;-199245;-439352;6;SEPHORA COLLECTION;Internacional;129;maquiagem;129;;
15744;7901;24/nov/23;119;1;0;BA;Salvador;-129714;-385014;6;KORRES;Internacional;14;maquiagem;14;;
81675;7773;28/set/23;124;1;0;SP;São Paulo;-235505;-466333;6;GUERLAIN;Internacional;759;maquiagem;759;;
80393;7476;30/jun/21;98;1;0;BA;Salvador;-129714;-385014;6;CAROLINA HERRERA;Internacional;629;maquiagem;629;;
10340;3604;06/jun/23;115;1;0;MG;Belo Horizonte;-199245;-439352;6;KORRES;Internacional;15;maquiagem;15;;
92302;3382;26/fev/24;97;1;0;MG;Belo Horizonte;-199245;-439352;6;DIOR;Internacional;1005;maquiagem;1005;;
10358;1002;13/out/22;10;1;0;RJ;Rio de Janeiro;-229068;-431729;6;SCHWARZKOPF PROFESSIONAL;Internacional;187;maquiagem;187;;
13630;1990;31/dez/22;47;1;0;BA;Salvador;-129714;-385014;6;RARE BEAUTY;Internacional;229;maquiagem;229;;
38308;1489;25/ago/21;59;1;0;SP;São Paulo;-235505;-466333;6;FENTY BEAUTY;Internacional;169;maquiagem;169;;
31826;4191;15/jun/23;28;1;0;BA;Salvador;-129714;-385014;6;DIOR;Internacional;449;maquiagem;449;;
29337;5988;29/ago/24;63;1;0;CL;Santiago;-334489;-706693;6;LAURA MERCIER;Internacional;209;maquiagem;209;;
10276;1956;04/abr/22;115;1;0;AR;Buenos Aires;-346037;-583816;6;KORRES;Internacional;15;maquiagem;15;;
61151;7623;24/fev/24;28;1;0;BA;Salvador;-129714;-385014;6;DIOR;Internacional;449;maquiagem;449;;
20886;1991;24/jan/24;44;1;0;AR;Buenos Aires;-346037;-583816;6;DIOR;Internacional;399;maquiagem;399;;
48333;6213;23/dez/22;1;1;0;BA;Salvador;-129714;-385014;6;NIOXIN;Internacional;259;maquiagem;259;;
18244;4882;30/dez/21;116;1;0;AR;Buenos Aires;-346037;-583816;6;KORRES;Internacional;14;maquiagem;14;;
66071;7582;03/fev/23;118;1;0;BA;Salvador;-129714;-385014;6;KORRES;Internacional;14;maquiagem;14;;
68608;7774;18/jan/24;46;1;0;AR;Buenos Aires;-346037;-583816;6;GUERLAIN;Internacional;509;maquiagem;509;;
60961;4805;16/fev/22;105;1;0;BA;Salvador;-129714;-385014;6;KORRES;Internacional;55;maquiagem;55;;
72551;7034;16/dez/21;107;1;0;BA;Salvador;-129714;-385014;6;KORRES;Internacional;80;maquiagem;80;;
42402;4155;20/jun/22;66;1;0;RJ;Rio de Janeiro;-229068;-431729;6;ESTÉE LAUDER;Internacional;399;maquiagem;399;;
77055;4318;21/mai/23;106;1;0;SP;São Paulo;-235505;-466333;6;KORRES;Internacional;55;maquiagem;55;;
15355;8657;15/mai/22;40;1;0;RJ;Rio de Janeiro;-229068;-431729;6;CAROLINA HERRERA;Internacional;239;maquiagem;239;;
62389;7974;30/ago/23;95;1;0;MG;Belo Horizonte;-199245;-439352;6;VICTORIO & LUCCHINO;Internacional;179;maquiagem;179;;
57591;8185;01/out/22;30;1;0;BA;Salvador;-129714;-385014;6;NARS;Internacional;399;maquiagem;399;;
12100;2574;29/ago/23;9;1;0;SP;São Paulo;-235505;-466333;6;SCHWARZKOPF PROFESSIONAL;Internacional;149;maquiagem;149;;
92594;2666;29/mai/24;21;1;0;BA;Salvador;-129714;-385014;6;ANASTASIA BEVERLY HILLS;Internacional;479;maquiagem;479;;
60669;3295;04/jun/21;81;1;0;RJ;Rio de Janeiro;-229068;-431729;8;LANCÔME;Internacional;909;maquiagem;909;;
40933;1882;11/ago/21;74;1;0;BA;Salvador;-129714;-385014;8;SHISEIDO;Internacional;209;maquiagem;209;;
47711;4674;15/dez/24;114;1;0;BA;Salvador;-129714;-385014;8;KORRES;Internacional;14;maquiagem;14;;
14135;4162;17/out/23;122;1;0;RJ;Rio de Janeiro;-229068;-431729;8;CLARINS;Internacional;699;maquiagem;699;;
99087;3161;07/jul/21;18;1;0;MG;Belo Horizonte;-199245;-439352;8;ANASTASIA BEVERLY HILLS;Internacional;229;maquiagem;229;;
18004;3468;05/set/24;57;1;0;BA;Salvador;-129714;-385014;8;EMBRYOLISSE;Internacional;229;maquiagem;229;;
59416;1278;24/jun/21;41;1;0;BA;Salvador;-129714;-385014;8;CAROLINA HERRERA;Internacional;239;maquiagem;239;;
10645;5958;03/set/24;47;1;0;BA;Salvador;-129714;-385014;8;RARE BEAUTY;Internacional;229;perfumes;229;;
86975;4450;02/ago/23;117;1;0;BA;Salvador;-129714;-385014;8;KORRES;Internacional;14;perfumes;14;;
51855;8214;02/abr/23;105;1;0;BA;Salvador;-129714;-385014;8;KORRES;Internacional;55;perfumes;55;;
68067;4551;27/jan/21;66;1;0;RJ;Rio de Janeiro;-229068;-431729;8;ESTÉE LAUDER;Internacional;399;perfumes;399;;
31447;8263;25/dez/23;33;1;0;BA;Salvador;-129714;-385014;8;KYLIE COSMETICS;Internacional;159;perfumes;159;;
97960;1406;20/dez/24;83;1;0;RJ;Rio de Janeiro;-229068;-431729;8;CAROLINA HERRERA;Internacional;729;perfumes;729;;
92379;6260;17/mai/24;117;1;0;BA;Salvador;-129714;-385014;8;KORRES;Internacional;14;perfumes;14;;
20449;8742;03/mai/24;20;1;0;MG;Belo Horizonte;-199245;-439352;8;FENTY BEAUTY;Internacional;149;perfumes;149;;
93297;8106;14/jul/21;61;1;0;MG;Belo Horizonte;-199245;-439352;8;SISLEY;Internacional;790;perfumes;790;;
81678;4490;08/out/22;51;1;0;BA;Salvador;-129714;-385014;8;DIOR;Internacional;389;perfumes;389;;
23947;2481;11/nov/21;63;1;0;RJ;Rio de Janeiro;-229068;-431729;8;LAURA MERCIER;Internacional;209;perfumes;209;;
59437;5690;01/out/22;63;1;0;BA;Salvador;-129714;-385014;8;LAURA MERCIER;Internacional;209;perfumes;209;;
56733;6131;13/jul/24;36;1;0;BA;Salvador;-129714;-385014;8;FENTY BEAUTY;Internacional;119;perfumes;119;;
81363;1139;06/mar/23;58;1;0;RJ;Rio de Janeiro;-229068;-431729;8;NARS;Internacional;219;perfumes;219;;
61631;1018;13/nov/23;10;1;0;AR;Buenos Aires;-346037;-583816;8;SCHWARZKOPF PROFESSIONAL;Internacional;187;perfumes;187;;
69659;7340;27/mai/21;107;1;0;BA;Salvador;-129714;-385014;8;KORRES;Internacional;80;perfumes;80;;
59812;3438;01/nov/23;62;1;0;RJ;Rio de Janeiro;-229068;-431729;8;SEPHORA COLLECTION;Internacional;129;perfumes;129;;
60500;7358;10/fev/23;63;1;0;MG;Belo Horizonte;-199245;-439352;8;LAURA MERCIER;Internacional;209;perfumes;209;;
27862;3195;07/set/22;41;1;0;BA;Salvador;-129714;-385014;8;CAROLINA HERRERA;Internacional;239;perfumes;239;;
41259;3849;17/jul/24;78;1;0;BA;Salvador;-129714;-385014;8;GUERLAIN;Internacional;1239;perfumes;1239;;
42327;7409;16/jan/21;16;1;0;BA;Salvador;-129714;-385014;8;KYLIE COSMETICS;Internacional;399;perfumes;399;;
14378;7124;20/jun/22;44;1;0;MG;Belo Horizonte;-199245;-439352;8;DIOR;Internacional;399;skincare;399;;
93375;8071;16/jan/23;124;1;0;RJ;Rio de Janeiro;-229068;-431729;8;GUERLAIN;Internacional;759;skincare;759;;
90650;5897;02/set/21;12;1;0;MG;Belo Horizonte;-199245;-439352;8;SCHWARZKOPF PROFESSIONAL;Internacional;157;skincare;157;;
79569;9636;24/mai/22;12;1;0;BA;Salvador;-129714;-385014;8;SCHWARZKOPF PROFESSIONAL;Internacional;157;skincare;157;;
48211;4641;25/dez/21;69;1;0;RJ;Rio de Janeiro;-229068;-431729;8;ANASTASIA BEVERLY HILLS;Internacional;189;skincare;189;;
24376;8352;16/nov/21;91;1;0;BA;Salvador;-129714;-385014;8;AZZARO;Internacional;349;skincare;349;;
61649;9003;21/set/23;89;1;0;CL;Santiago;-334489;-706693;8;MARINA DE BOURBON;Internacional;413;skincare;413;;
71049;3773;27/jun/23;22;1;0;MG;Belo Horizonte;-199245;-439352;8;ANASTASIA BEVERLY HILLS;Internacional;399;skincare;399;;
76677;5733;10/set/24;14;1;0;BA;Salvador;-129714;-385014;8;L'ORÉAL PROFESSIONNEL;Internacional;306;skincare;306;;
50379;8751;02/abr/23;105;1;0;BA;Salvador;-129714;-385014;8;KORRES;Internacional;55;skincare;55;;
52417;5188;01/jan/22;34;1;0;AR;Buenos Aires;-346037;-583816;8;DIOR;Internacional;255;skincare;255;;
33173;4904;24/jan/22;22;1;0;RJ;Rio de Janeiro;-229068;-431729;8;ANASTASIA BEVERLY HILLS;Internacional;399;skincare;399;;
18556;3565;28/jan/22;120;1;0;BA;Salvador;-129714;-385014;8;KORRES;Internacional;14;skincare;14;;
19569;5780;21/abr/24;24;1;0;RJ;Rio de Janeiro;-229068;-431729;8;SEPHORA COLLECTION;Internacional;279;skincare;279;;
10138;1634;04/jun/22;74;1;0;MG;Belo Horizonte;-199245;-439352;8;SHISEIDO;Internacional;209;skincare;209;;
40654;6626;01/out/22;85;1;0;AR;Buenos Aires;-346037;-583816;8;PRADA;Internacional;1199;skincare;1199;;
58651;6944;20/dez/24;71;1;0;AR;Buenos Aires;-346037;-583816;8;CAROLINA HERRERA;Internacional;185;skincare;185;;
48635;7859;13/dez/23;118;1;0;RJ;Rio de Janeiro;-229068;-431729;8;KORRES;Internacional;14;skincare;14;;
30878;8485;07/fev/24;62;1;0;BA;Salvador;-129714;-385014;8;SEPHORA COLLECTION;Internacional;129;skincare;129;;
28354;4046;20/nov/21;27;1;0;RJ;Rio de Janeiro;-229068;-431729;8;CAROLINA HERRERA;Internacional;189;skincare;189;;
16142;8647;21/nov/23;92;1;0;RJ;Rio de Janeiro;-229068;-431729;8;RALPH LAUREN;Internacional;399;skincare;399;;
12384;3581;04/jul/22;70;1;0;BA;Salvador;-129714;-385014;8;NARS;Internacional;209;skincare;209;;
46674;2205;01/jun/23;20;1;0;RJ;Rio de Janeiro;-229068;-431729;8;FENTY BEAUTY;Internacional;149;skincare;149;;
96072;3964;17/ago/21;21;1;0;RJ;Rio de Janeiro;-229068;-431729;8;ANASTASIA BEVERLY HILLS;Internacional;479;skincare;479;;
94761;1919;01/nov/21;53;1;0;BA;Salvador;-129714;-385014;8;SISLEY;Internacional;920;skincare;920;;
51869;6780;29/dez/22;8;1;0;MG;Belo Horizonte;-199245;-439352;8;SCHWARZKOPF PROFESSIONAL;Internacional;149;skincare;149;;
22449;1570;23/abr/21;92;1;0;BA;Salvador;-129714;-385014;8;RALPH LAUREN;Internacional;399;skincare;399;;
68394;4505;01/fev/23;105;1;0;RJ;Rio de Janeiro;-229068;-431729;8;KORRES;Internacional;55;;55;;
45596;5875;23/set/24;30;1;0;BA;Salvador;-129714;-385014;8;NARS;Internacional;399;;399;;
99571;4020;28/dez/24;59;1;0;RJ;Rio de Janeiro;-229068;-431729;8;FENTY BEAUTY;Internacional;169;;169;;
68161;5589;11/nov/23;18;1;0;MG;Belo Horizonte;-199245;-439352;8;ANASTASIA BEVERLY HILLS;Internacional;229;;229;;
99963;6457;08/jan/23;59;1;0;RJ;Rio de Janeiro;-229068;-431729;8;FENTY BEAUTY;Internacional;169;;169;;
33554;4915;16/fev/24;123;1;0;RJ;Rio de Janeiro;-229068;-431729;8;SISLEY;Internacional;1290;;1290;;
72261;6558;22/jan/24;56;1;0;MG;Belo Horizonte;-199245;-439352;8;DIOR BACKSTAGE;Internacional;229;;229;;
70948;2932;09/mar/23;28;1;0;BA;Salvador;-129714;-385014;8;DIOR;Internacional;449;;449;;
65860;2630;27/ago/23;102;1;0;RJ;Rio de Janeiro;-229068;-431729;8;SISLEY;Internacional;1590;;1590;;
34472;7901;04/mai/24;119;1;0;RJ;Rio de Janeiro;-229068;-431729;8;KORRES;Internacional;14;;14;;
64131;9597;20/ago/23;44;1;0;BA;Salvador;-129714;-385014;8;DIOR;Internacional;399;;399;;
97896;1630;06/abr/23;71;1;0;BA;Salvador;-129714;-385014;7;CAROLINA HERRERA;Internacional;185;;185;;
72292;7683;10/mar/21;7;1;0;SP;São Paulo;-235505;-466333;3;SISLEY;Internacional;600;;600;;
16304;1025;13/mai/23;12;1;0;SP;São Paulo;-235505;-466333;5;SCHWARZKOPF PROFESSIONAL;Internacional;157;;157;;
79184;2696;31/mar/24;42;1;0;SP;São Paulo;-235505;-466333;5;LANCÔME;Internacional;279;;279;;
57945;2946;05/jan/22;84;1;0;RJ;Rio de Janeiro;-229068;-431729;7;PRADA;Internacional;1199;;1199;;
79286;2932;22/jul/24;14;1;0;MG;Belo Horizonte;-199245;-439352;5;L'ORÉAL PROFESSIONNEL;Internacional;306;;306;;
84071;2757;05/out/23;72;1;0;SP;São Paulo;-235505;-466333;7;GUERLAIN;Internacional;210;;210;;
20800;5958;03/mar/23;29;1;0;SP;São Paulo;-235505;-466333;4;GUERLAIN;Internacional;459;;459;;
40573;7102;01/jan/23;43;1;0;MG;Belo Horizonte;-199245;-439352;7;GUERLAIN;Internacional;249;;249;;
10781;7593;05/abr/22;11;1;0;BA;Salvador;-129714;-385014;5;SCHWARZKOPF PROFESSIONAL;Internacional;157;;157;;
66700;1929;17/dez/22;96;1;0;RJ;Rio de Janeiro;-229068;-431729;7;VICTORIO & LUCCHINO;Internacional;179;;179;;
39118;9199;14/nov/21;7;1;0;BA;Salvador;-129714;-385014;7;SISLEY;Internacional;600;;600;;
89025;4326;19/jul/24;96;1;0;BA;Salvador;-129714;-385014;5;VICTORIO & LUCCHINO;Internacional;179;;179;;
12551;5967;25/dez/22;92;1;0;BA;Salvador;-129714;-385014;7;RALPH LAUREN;Internacional;399;;399;;
81947;3369;16/fev/22;84;1;0;BA;Salvador;-129714;-385014;5;PRADA;Internacional;1199;;1199;;
71001;4638;04/set/21;84;1;0;SP;São Paulo;-235505;-466333;4;PRADA;Internacional;1199;;1199;;
61707;5444;26/out/24;22;1;0;RJ;Rio de Janeiro;-229068;-431729;5;ANASTASIA BEVERLY HILLS;Internacional;399;;399;;
85939;2676;01/jan/24;85;1;0;MG;Belo Horizonte;-199245;-439352;5;PRADA;Internacional;1199;;1199;;
50846;9858;03/jul/22;114;1;0;RJ;Rio de Janeiro;-229068;-431729;7;KORRES;Internacional;14;;14;;
95445;3451;15/set/24;10;1;0;SP;São Paulo;-235505;-466333;3;SCHWARZKOPF PROFESSIONAL;Internacional;187;;187;;
11898;1692;20/out/22;27;1;0;SP;São Paulo;-235505;-466333;5;CAROLINA HERRERA;Internacional;189;;189;;
27071;4786;25/dez/21;27;1;0;MG;Belo Horizonte;-199245;-439352;5;CAROLINA HERRERA;Internacional;189;;189;;
73370;7242;25/dez/23;89;1;0;AR;Buenos Aires;-346037;-583816;5;MARINA DE BOURBON;Internacional;413;;413;;
11125;4180;27/mai/24;104;1;0;RJ;Rio de Janeiro;-229068;-431729;7;SISLEY;Internacional;1450;;1450;;
19752;4607;18/out/23;123;1;0;BA;Salvador;-129714;-385014;7;SISLEY;Internacional;1290;;1290;;
91835;5276;13/jan/21;96;1;0;SP;São Paulo;-235505;-466333;4;VICTORIO & LUCCHINO;Internacional;179;;179;;
56305;7534;20/fev/22;37;1;0;RJ;Rio de Janeiro;-229068;-431729;7;M·A·C;Internacional;249;;249;;
19346;5307;15/mar/22;26;1;0;RJ;Rio de Janeiro;-229068;-431729;7;CAROLINA HERRERA;Internacional;189;;189;;
10587;6634;13/ago/22;8;1;0;SP;São Paulo;-235505;-466333;7;SCHWARZKOPF PROFESSIONAL;Internacional;149;;149;;
16416;6141;27/jan/24;25;1;0;SP;São Paulo;-235505;-466333;4;CAROLINA HERRERA;Internacional;189;;189;;
65296;4854;18/out/24;46;1;0;BA;Salvador;-129714;-385014;5;GUERLAIN;Internacional;509;;509;;
65077;1508;10/mai/23;86;1;0;RJ;Rio de Janeiro;-229068;-431729;7;PRADA;Internacional;1199;;1199;;
81906;2661;09/ago/24;3;1;0;RJ;Rio de Janeiro;-229068;-431729;7;L'ORÉAL PROFESSIONNEL;Internacional;159;;159;;
77990;5287;02/set/22;85;1;0;SP;São Paulo;-235505;-466333;5;PRADA;Internacional;1199;;1199;;
75677;8619;14/jun/23;37;1;0;SP;São Paulo;-235505;-466333;5;M·A·C;Internacional;249;;249;;
96516;9560;21/ago/23;14;1;0;RJ;Rio de Janeiro;-229068;-431729;7;L'ORÉAL PROFESSIONNEL;Internacional;306;;306;;
84567;5946;02/mar/21;121;1;0;RJ;Rio de Janeiro;-229068;-431729;7;CLINIQUE;Internacional;299;;299;;
18787;2293;28/mar/24;24;1;0;SP;São Paulo;-235505;-466333;5;SEPHORA COLLECTION;Internacional;279;;279;;
71709;7871;27/jun/21;120;1;0;MG;Belo Horizonte;-199245;-439352;7;KORRES;Internacional;14;;14;;
63909;5997;11/jun/23;69;1;0;BA;Salvador;-129714;-385014;7;ANASTASIA BEVERLY HILLS;Internacional;189;;189;;
31778;2476;29/abr/24;99;1;0;CL;Santiago;-334489;-706693;7;LANCÔME;Internacional;449;;449;;
69675;1389;12/jan/23;90;1;0;BA;Salvador;-129714;-385014;5;MARINA DE BOURBON;Internacional;413;;413;;
38365;9850;19/jun/24;98;1;0;MG;Belo Horizonte;-199245;-439352;5;CAROLINA HERRERA;Internacional;629;;629;;
82766;3763;25/dez/23;85;1;0;BA;Salvador;-129714;-385014;5;PRADA;Internacional;1199;;1199;;
89222;8256;07/abr/22;66;1;0;SP;São Paulo;-235505;-466333;3;ESTÉE LAUDER;Internacional;399;;399;;
21240;4197;02/jan/24;55;1;0;MG;Belo Horizonte;-199245;-439352;7;GUERLAIN;Internacional;299;;299;;
19168;6693;28/mai/21;55;1;0;SP;São Paulo;-235505;-466333;4;GUERLAIN;Internacional;299;;299;;
42174;8737;01/jun/22;51;1;0;RJ;Rio de Janeiro;-229068;-431729;5;DIOR;Internacional;389;;389;;
16581;2988;01/set/21;88;1;0;RJ;Rio de Janeiro;-229068;-431729;7;CHLOÉ;Internacional;209;;209;;
71944;9345;21/dez/24;120;1;0;MG;Belo Horizonte;-199245;-439352;7;KORRES;Internacional;14;;14;;
38803;7163;27/out/22;105;1;0;RJ;Rio de Janeiro;-229068;-431729;5;KORRES;Internacional;55;;55;;
53355;4554;12/out/24;20;1;0;BA;Salvador;-129714;-385014;5;FENTY BEAUTY;Internacional;149;;149;;
40795;2306;04/mar/24;21;1;0;MG;Belo Horizonte;-199245;-439352;7;ANASTASIA BEVERLY HILLS;Internacional;479;;479;;
52070;5757;11/set/24;117;1;0;AR;Buenos Aires;-346037;-583816;7;KORRES;Internacional;14;;14;;
34000;8304;25/abr/24;13;1;0;SP;São Paulo;-235505;-466333;5;SCHWARZKOPF PROFESSIONAL;Internacional;157;;157;;
73315;9367;23/set/22;12;1;0;SP;São Paulo;-235505;-466333;3;SCHWARZKOPF PROFESSIONAL;Internacional;157;;157;;
64245;2818;28/set/23;119;1;0;SP;São Paulo;-235505;-466333;5;KORRES;Internacional;14;;14;;
47418;2364;01/jun/24;85;1;0;SP;São Paulo;-235505;-466333;4;PRADA;Internacional;1199;;1199;;
26724;8294;06/jan/24;57;1;0;SP;São Paulo;-235505;-466333;3;EMBRYOLISSE;Internacional;229;;229;;
22605;9264;16/dez/24;88;1;0;SP;São Paulo;-235505;-466333;4;CHLOÉ;Internacional;209;;209;;
14648;9342;23/jun/21;69;1;0;BA;Salvador;-129714;-385014;5;ANASTASIA BEVERLY HILLS;Internacional;189;;189;;
43623;2134;06/abr/24;58;1;0;SP;São Paulo;-235505;-466333;7;NARS;Internacional;219;;219;;
54602;6694;13/set/24;17;1;0;RJ;Rio de Janeiro;-229068;-431729;5;GUERLAIN;Internacional;459;;459;;
59334;7136;18/ago/21;3;1;0;BA;Salvador;-129714;-385014;7;L'ORÉAL PROFESSIONNEL;Internacional;159;;159;;
80028;3346;26/fev/23;13;1;0;MG;Belo Horizonte;-199245;-439352;7;SCHWARZKOPF PROFESSIONAL;Internacional;157;;157;;
54363;5370;19/jan/21;80;1;0;SP;São Paulo;-235505;-466333;5;BURBERRY;Internacional;719;;719;;
82124;1869;24/mai/23;99;1;0;BA;Salvador;-129714;-385014;7;LANCÔME;Internacional;449;;449;;
91348;7864;13/out/23;103;1;0;SP;São Paulo;-235505;-466333;5;KORRES;Internacional;229;;229;;
76262;5027;03/abr/21;106;1;0;SP;São Paulo;-235505;-466333;5;KORRES;Internacional;55;;55;;
13760;3912;30/mai/22;49;1;0;BA;Salvador;-129714;-385014;5;ESTÉE LAUDER;Internacional;369;;369;;
44542;1679;02/dez/24;78;1;0;RJ;Rio de Janeiro;-229068;-431729;5;GUERLAIN;Internacional;1239;;1239;;
29086;8829;17/dez/23;79;1;0;MG;Belo Horizonte;-199245;-439352;7;GUERLAIN;Internacional;1079;;1079;;
81425;9326;02/jun/24;61;1;0;SP;São Paulo;-235505;-466333;3;SISLEY;Internacional;790;;790;;
96120;5970;31/jan/24;44;1;0;SP;São Paulo;-235505;-466333;4;DIOR;Internacional;399;;399;;
88033;9312;03/abr/21;65;1;0;RJ;Rio de Janeiro;-229068;-431729;5;EMBRYOLISSE;Internacional;439;;439;;
87313;3668;27/jun/24;72;1;0;SP;São Paulo;-235505;-466333;4;GUERLAIN;Internacional;210;;210;;
40373;1802;22/jun/24;102;1;0;RJ;Rio de Janeiro;-229068;-431729;5;SISLEY;Internacional;1590;;1590;;
48244;7121;02/abr/22;98;1;0;SP;São Paulo;-235505;-466333;7;CAROLINA HERRERA;Internacional;629;;629;;
17461;8206;05/out/22;92;1;0;SP;São Paulo;-235505;-466333;4;RALPH LAUREN;Internacional;399;;399;;
89285;3472;30/nov/23;59;1;0;AR;Buenos Aires;-346037;-583816;7;FENTY BEAUTY;Internacional;169;;169;;
46268;7219;31/mar/24;42;1;0;CL;Santiago;-334489;-706693;7;LANCÔME;Internacional;279;;279;;
89003;6164;09/mar/24;124;1;0;SP;São Paulo;-235505;-466333;3;GUERLAIN;Internacional;759;;759;;
64312;1596;31/jan/22;3;1;0;MG;Belo Horizonte;-199245;-439352;7;L'ORÉAL PROFESSIONNEL;Internacional;159;;159;;
78670;5545;06/out/21;92;1;0;SP;São Paulo;-235505;-466333;4;RALPH LAUREN;Internacional;399;;399;;
25434;9837;23/set/22;5;1;0;SP;São Paulo;-235505;-466333;5;KÉRASTASE;Internacional;237;;237;;
91926;8178;03/nov/24;83;1;0;SP;São Paulo;-235505;-466333;5;CAROLINA HERRERA;Internacional;729;;729;;
29799;6552;26/mai/22;83;1;0;MG;Belo Horizonte;-199245;-439352;5;CAROLINA HERRERA;Internacional;729;;729;;
80188;5927;13/dez/21;21;1;0;BA;Salvador;-129714;-385014;5;ANASTASIA BEVERLY HILLS;Internacional;479;;479;;
47226;7160;19/jan/22;76;1;0;RJ;Rio de Janeiro;-229068;-431729;7;DIOR;Internacional;269;;269;;
18036;4893;13/mai/24;122;1;0;RJ;Rio de Janeiro;-229068;-431729;7;CLARINS;Internacional;699;;699;;
35372;5434;28/fev/24;46;1;0;MG;Belo Horizonte;-199245;-439352;5;GUERLAIN;Internacional;509;;509;;
71516;1658;15/mar/21;115;1;0;SP;São Paulo;-235505;-466333;7;KORRES;Internacional;15;;15;;
30538;6057;11/abr/22;86;1;0;BA;Salvador;-129714;-385014;7;PRADA;Internacional;1199;;1199;;
69500;4764;30/mai/23;97;1;0;SP;São Paulo;-235505;-466333;7;DIOR;Internacional;1005;;1005;;
15498;7328;04/set/21;57;1;0;RJ;Rio de Janeiro;-229068;-431729;5;EMBRYOLISSE;Internacional;229;;229;;
86118;6991;24/ago/24;93;1;0;RJ;Rio de Janeiro;-229068;-431729;5;AZZARO;Internacional;349;;349;;
95376;6951;24/jul/23;20;1;0;SP;São Paulo;-235505;-466333;4;FENTY BEAUTY;Internacional;149;;149;;
74353;4306;31/mar/22;125;1;0;BA;Salvador;-129714;-385014;7;LA MER;Internacional;2699;;2699;;
94754;3854;26/nov/24;114;1;0;AR;Buenos Aires;-346037;-583816;5;KORRES;Internacional;14;;14;;
29595;2812;24/abr/23;41;1;0;BA;Salvador;-129714;-385014;7;CAROLINA HERRERA;Internacional;239;;239;;
56099;7410;17/abr/21;58;1;0;BA;Salvador;-129714;-385014;7;NARS;Internacional;219;;219;;
77496;1053;31/ago/22;26;1;0;MG;Belo Horizonte;-199245;-439352;7;CAROLINA HERRERA;Internacional;189;;189;;
23893;8404;08/ago/22;6;1;0;RJ;Rio de Janeiro;-229068;-431729;7;SCHWARZKOPF PROFESSIONAL;Internacional;149;;149;;
76418;1954;18/mai/24;62;1;0;SP;São Paulo;-235505;-466333;4;SEPHORA COLLECTION;Internacional;129;;129;;
88405;4278;28/ago/23;62;1;0;SP;São Paulo;-235505;-466333;4;SEPHORA COLLECTION;Internacional;129;;129;;
82702;6455;02/mar/23;103;1;0;BA;Salvador;-129714;-385014;7;KORRES;Internacional;229;;229;;
46593;7204;29/jul/23;84;1;0;AR;Buenos Aires;-346037;-583816;7;PRADA;Internacional;1199;;1199;;
38398;5933;17/mai/23;46;1;0;MG;Belo Horizonte;-199245;-439352;5;GUERLAIN;Internacional;509;;509;;
63410;1203;19/nov/22;29;1;0;AR;Buenos Aires;-346037;-583816;5;GUERLAIN;Internacional;459;;459;;
50510;6710;04/set/24;124;1;0;BA;Salvador;-129714;-385014;5;GUERLAIN;Internacional;759;;759;;
58933;3875;11/nov/22;36;1;0;BA;Salvador;-129714;-385014;5;FENTY BEAUTY;Internacional;119;;119;;
61919;1365;11/out/23;45;1;0;SP;São Paulo;-235505;-466333;5;FENTY BEAUTY;Internacional;199;;199;;
22866;7047;29/out/23;18;1;0;BA;Salvador;-129714;-385014;5;ANASTASIA BEVERLY HILLS;Internacional;229;;229;;
88471;6660;11/ago/23;92;1;0;MG;Belo Horizonte;-199245;-439352;5;RALPH LAUREN;Internacional;399;;399;;
18068;5478;02/dez/22;99;1;0;SP;São Paulo;-235505;-466333;4;LANCÔME;Internacional;449;;449;;
17295;9210;16/fev/23;21;1;0;BA;Salvador;-129714;-385014;7;ANASTASIA BEVERLY HILLS;Internacional;479;;479;;
25038;6395;18/set/23;72;1;0;MG;Belo Horizonte;-199245;-439352;5;GUERLAIN;Internacional;210;;210;;
62327;3258;02/fev/21;102;1;0;SP;São Paulo;-235505;-466333;4;SISLEY;Internacional;1590;;1590;;
87064;7039;02/ago/24;114;1;0;BA;Salvador;-129714;-385014;5;KORRES;Internacional;14;;14;;
31281;1650;13/out/24;18;1;0;MG;Belo Horizonte;-199245;-439352;5;ANASTASIA BEVERLY HILLS;Internacional;229;;229;;
71388;6232;16/out/24;3;1;0;MG;Belo Horizonte;-199245;-439352;7;L'ORÉAL PROFESSIONNEL;Internacional;159;;159;;
94050;3961;23/jun/24;86;1;0;BA;Salvador;-129714;-385014;7;PRADA;Internacional;1199;;1199;;
32031;7837;30/set/24;74;1;0;RJ;Rio de Janeiro;-229068;-431729;7;SHISEIDO;Internacional;209;;209;;
20350;7336;07/jun/23;105;1;0;BA;Salvador;-129714;-385014;5;KORRES;Internacional;55;;55;;
78487;2678;29/set/24;94;1;0;SP;São Paulo;-235505;-466333;7;LOEWE;Internacional;2435;;2435;;
38454;2135;01/fev/23;30;1;0;RJ;Rio de Janeiro;-229068;-431729;5;NARS;Internacional;399;;399;;
41921;9135;03/set/24;45;1;0;SP;São Paulo;-235505;-466333;7;FENTY BEAUTY;Internacional;199;;199;;
94227;6021;16/jul/23;87;1;0;BA;Salvador;-129714;-385014;5;JO MALONE LONDON;Internacional;390;;390;;
89563;3259;02/nov/23;74;1;0;SP;São Paulo;-235505;-466333;3;SHISEIDO;Internacional;209;;209;;
99678;1464;18/fev/21;95;1;0;SP;São Paulo;-235505;-466333;7;VICTORIO & LUCCHINO;Internacional;179;;179;;
41897;2230;22/fev/21;52;1;0;SP;São Paulo;-235505;-466333;4;DIOR;Internacional;389;;389;;
78703;7419;04/mar/22;70;1;0;MG;Belo Horizonte;-199245;-439352;7;NARS;Internacional;209;;209;;
42441;9301;25/dez/22;1;1;0;BA;Salvador;-129714;-385014;5;NIOXIN;Internacional;259;;259;;
54760;7711;08/set/22;29;1;0;MG;Belo Horizonte;-199245;-439352;5;GUERLAIN;Internacional;459;;459;;
95716;8587;20/ago/23;27;1;0;SP;São Paulo;-235505;-466333;4;CAROLINA HERRERA;Internacional;189;;189;;
68272;3148;27/jun/23;9;1;0;RJ;Rio de Janeiro;-229068;-431729;5;SCHWARZKOPF PROFESSIONAL;Internacional;149;;149;;
81368;2879;20/mar/24;96;1;0;BA;Salvador;-129714;-385014;5;VICTORIO & LUCCHINO;Internacional;179;;179;;
48342;7327;31/ago/21;31;1;0;RJ;Rio de Janeiro;-229068;-431729;7;RARE BEAUTY;Internacional;169;;169;;
34972;1529;11/jun/24;39;1;0;SP;São Paulo;-235505;-466333;7;TOO FACED;Internacional;229;;229;;
44773;5774;03/set/23;120;1;0;MG;Belo Horizonte;-199245;-439352;7;KORRES;Internacional;14;;14;;
61168;8692;21/nov/23;97;1;0;SP;São Paulo;-235505;-466333;3;DIOR;Internacional;1005;;1005;;
68283;7587;30/mar/22;117;1;0;MG;Belo Horizonte;-199245;-439352;7;KORRES;Internacional;14;;14;;
95140;1226;14/nov/22;26;1;0;RJ;Rio de Janeiro;-229068;-431729;7;CAROLINA HERRERA;Internacional;189;;189;;
90098;2252;19/out/24;11;1;0;RJ;Rio de Janeiro;-229068;-431729;5;SCHWARZKOPF PROFESSIONAL;Internacional;157;;157;;
38172;4258;29/mar/24;77;1;0;MG;Belo Horizonte;-199245;-439352;7;GUERLAIN;Internacional;210;;210;;
52965;9411;07/abr/23;13;1;0;MG;Belo Horizonte;-199245;-439352;5;SCHWARZKOPF PROFESSIONAL;Internacional;157;;157;;
98553;4764;04/abr/24;27;2;0;SP;São Paulo;-235505;-466333;7;CAROLINA HERRERA;Internacional;189;;378;;
85415;9682;01/jan/22;117;2;0;AR;Buenos Aires;-346037;-583816;7;KORRES;Internacional;14;;28;;
81707;7707;12/ago/22;16;2;0;BA;Salvador;-129714;-385014;5;KYLIE COSMETICS;Internacional;399;;798;;
65718;9350;02/out/22;95;2;0;RJ;Rio de Janeiro;-229068;-431729;7;VICTORIO & LUCCHINO;Internacional;179;;358;;
55232;4313;14/jun/23;92;2;0;RJ;Rio de Janeiro;-229068;-431729;7;RALPH LAUREN;Internacional;399;;798;;
88021;6685;16/dez/24;12;2;0;SP;São Paulo;-235505;-466333;4;SCHWARZKOPF PROFESSIONAL;Internacional;157;;314;;
86943;3645;03/jun/21;39;2;0;MG;Belo Horizonte;-199245;-439352;5;TOO FACED;Internacional;229;;458;;
26994;9811;05/fev/24;52;2;0;SP;São Paulo;-235505;-466333;7;DIOR;Internacional;389;;778;;
22819;6451;11/jul/23;8;2;0;MG;Belo Horizonte;-199245;-439352;8;SCHWARZKOPF PROFESSIONAL;Internacional;149;;298;;
88707;1619;18/fev/21;98;2;0;AR;Buenos Aires;-346037;-583816;8;CAROLINA HERRERA;Internacional;629;;1258;;
15774;9988;04/mar/21;97;2;0;RJ;Rio de Janeiro;-229068;-431729;6;DIOR;Internacional;1005;;2010;;
16823;9711;28/fev/22;77;2;0;BA;Salvador;-129714;-385014;6;GUERLAIN;Internacional;210;;420;;
91816;4423;10/out/24;71;2;0;BA;Salvador;-129714;-385014;8;CAROLINA HERRERA;Internacional;185;;370;;
51971;9277;09/jun/23;41;2;0;AR;Buenos Aires;-346037;-583816;8;CAROLINA HERRERA;Internacional;239;;478;;
36390;9155;27/fev/22;42;2;0;BA;Salvador;-129714;-385014;5;LANCÔME;Internacional;279;;558;;
16852;3217;29/abr/23;121;2;0;BA;Salvador;-129714;-385014;6;CLINIQUE;Internacional;299;;598;;
59159;6722;02/set/22;39;2;0;MG;Belo Horizonte;-199245;-439352;7;TOO FACED;Internacional;229;;458;;
67828;2196;13/out/22;49;2;0;SP;São Paulo;-235505;-466333;5;ESTÉE LAUDER;Internacional;369;;738;;
97983;7689;06/jun/22;53;2;0;SP;São Paulo;-235505;-466333;7;SISLEY;Internacional;920;;1840;;
90257;8778;23/out/21;48;2;0;SP;São Paulo;-235505;-466333;3;NARS;Internacional;339;;678;;
94742;4696;29/mar/23;20;2;0;MG;Belo Horizonte;-199245;-439352;7;FENTY BEAUTY;Internacional;149;;298;;
89473;5956;03/fev/24;102;2;0;SP;São Paulo;-235505;-466333;3;SISLEY;Internacional;1590;;3180;;
75031;9345;18/jun/24;55;2;0;RJ;Rio de Janeiro;-229068;-431729;5;GUERLAIN;Internacional;299;;598;;
30074;5200;24/mar/21;65;2;0;RJ;Rio de Janeiro;-229068;-431729;5;EMBRYOLISSE;Internacional;439;;878;;
65661;3780;01/mai/23;114;2;0;SP;São Paulo;-235505;-466333;5;KORRES;Internacional;14;;28;;
15906;8423;24/fev/22;115;2;0;MG;Belo Horizonte;-199245;-439352;6;KORRES;Internacional;15;;30;;
62756;5557;04/out/24;51;2;0;MG;Belo Horizonte;-199245;-439352;7;DIOR;Internacional;389;;778;;
77065;5316;02/jul/23;99;2;0;SP;São Paulo;-235505;-466333;3;LANCÔME;Internacional;449;;898;;
18438;1614;23/mar/22;59;2;0;SP;São Paulo;-235505;-466333;3;FENTY BEAUTY;Internacional;169;;338;;
42994;4252;20/ago/24;122;2;0;BA;Salvador;-129714;-385014;5;CLARINS;Internacional;699;;1398;;
40930;9445;12/set/23;39;2;0;MG;Belo Horizonte;-199245;-439352;6;TOO FACED;Internacional;229;;458;;
40090;8997;29/jul/21;62;2;0;BA;Salvador;-129714;-385014;5;SEPHORA COLLECTION;Internacional;129;;258;;
28888;9891;23/jun/23;79;2;0;BA;Salvador;-129714;-385014;8;GUERLAIN;Internacional;1079;;2158;;
91623;2380;11/nov/23;3;2;0;BA;Salvador;-129714;-385014;8;L'ORÉAL PROFESSIONNEL;Internacional;159;;318;;
35556;5082;14/jul/21;87;2;0;MG;Belo Horizonte;-199245;-439352;5;JO MALONE LONDON;Internacional;390;;780;;
91557;4811;01/jan/22;72;2;0;BA;Salvador;-129714;-385014;7;GUERLAIN;Internacional;210;;420;;
84658;9712;23/set/24;23;2;0;SP;São Paulo;-235505;-466333;5;SEPHORA COLLECTION;Internacional;539;;1078;;
77494;3610;08/jul/24;104;2;0;BA;Salvador;-129714;-385014;7;SISLEY;Internacional;1450;;2900;;
86229;2104;30/jul/22;52;2;0;SP;São Paulo;-235505;-466333;6;DIOR;Internacional;389;;778;;
51814;8365;21/jul/21;94;2;0;MG;Belo Horizonte;-199245;-439352;7;LOEWE;Internacional;2435;;4870;;
85330;4072;23/set/23;49;2;0;SP;São Paulo;-235505;-466333;6;ESTÉE LAUDER;Internacional;369;;738;;
60100;4489;25/dez/23;47;2;0;RJ;Rio de Janeiro;-229068;-431729;6;RARE BEAUTY;Internacional;229;;458;;
63798;2363;27/jul/24;65;2;0;MG;Belo Horizonte;-199245;-439352;7;EMBRYOLISSE;Internacional;439;;878;;
66526;4408;16/abr/23;121;2;0;RJ;Rio de Janeiro;-229068;-431729;6;CLINIQUE;Internacional;299;;598;;
82954;1174;30/abr/24;48;2;0;SP;São Paulo;-235505;-466333;4;NARS;Internacional;339;;678;;
68810;5160;01/nov/22;84;2;0;AR;Buenos Aires;-346037;-583816;7;PRADA;Internacional;1199;;2398;;
25223;4171;03/ago/23;124;2;0;MG;Belo Horizonte;-199245;-439352;5;GUERLAIN;Internacional;759;;1518;;
32010;5173;16/mai/23;45;2;0;SP;São Paulo;-235505;-466333;7;FENTY BEAUTY;Internacional;199;;398;;
18472;5769;05/fev/22;20;2;0;MG;Belo Horizonte;-199245;-439352;6;FENTY BEAUTY;Internacional;149;;298;;
34264;7426;13/mai/22;67;2;0;BA;Salvador;-129714;-385014;6;KYLIE COSMETICS;Internacional;169;;338;;
58200;4663;15/dez/22;103;2;0;RJ;Rio de Janeiro;-229068;-431729;8;KORRES;Internacional;229;;458;;
88610;4731;23/jun/23;39;2;0;BA;Salvador;-129714;-385014;8;TOO FACED;Internacional;229;;458;;
14493;4093;28/mai/22;88;2;0;MG;Belo Horizonte;-199245;-439352;5;CHLOÉ;Internacional;209;;418;;
60139;4168;05/mar/23;92;2;0;SP;São Paulo;-235505;-466333;6;RALPH LAUREN;Internacional;399;;798;;
91768;7043;04/jan/23;72;2;0;RJ;Rio de Janeiro;-229068;-431729;8;GUERLAIN;Internacional;210;;420;;
75087;8846;14/ago/23;89;2;0;AR;Buenos Aires;-346037;-583816;7;MARINA DE BOURBON;Internacional;413;;826;;
39165;9643;23/out/24;76;2;0;SP;São Paulo;-235505;-466333;4;DIOR;Internacional;269;;538;;
68929;7432;31/jul/23;122;2;0;RJ;Rio de Janeiro;-229068;-431729;8;CLARINS;Internacional;699;;1398;;
68643;6941;24/out/24;124;2;0;SP;São Paulo;-235505;-466333;3;GUERLAIN;Internacional;759;;1518;;
82692;6911;24/mai/21;72;2;0;AR;Buenos Aires;-346037;-583816;8;GUERLAIN;Internacional;210;;420;;
56403;7361;15/dez/23;84;2;0;BA;Salvador;-129714;-385014;7;PRADA;Internacional;1199;;2398;;
88002;2518;20/dez/22;62;2;0;MG;Belo Horizonte;-199245;-439352;8;SEPHORA COLLECTION;Internacional;129;;258;;
97445;2742;01/jan/23;80;2;0;AR;Buenos Aires;-346037;-583816;6;BURBERRY;Internacional;719;;1438;;
10193;6178;21/abr/23;79;2;0;BA;Salvador;-129714;-385014;7;GUERLAIN;Internacional;1079;;2158;;
72824;8619;31/ago/24;46;2;0;RJ;Rio de Janeiro;-229068;-431729;8;GUERLAIN;Internacional;509;;1018;;
36512;2813;04/nov/24;37;2;0;BA;Salvador;-129714;-385014;5;M·A·C;Internacional;249;;498;;
52604;1082;09/jul/21;71;2;0;BA;Salvador;-129714;-385014;6;CAROLINA HERRERA;Internacional;185;;370;;
53056;3101;29/jul/21;34;2;0;MG;Belo Horizonte;-199245;-439352;7;DIOR;Internacional;255;;510;;
41337;9089;30/out/22;33;2;0;MG;Belo Horizonte;-199245;-439352;7;KYLIE COSMETICS;Internacional;159;;318;;
60952;3424;15/dez/24;89;2;0;RJ;Rio de Janeiro;-229068;-431729;7;MARINA DE BOURBON;Internacional;413;;826;;
69156;6166;07/jul/23;63;2;0;SP;São Paulo;-235505;-466333;7;LAURA MERCIER;Internacional;209;;418;;
32054;5164;18/jan/21;120;2;0;BA;Salvador;-129714;-385014;7;KORRES;Internacional;14;;28;;
93276;4901;26/fev/24;118;2;0;SP;São Paulo;-235505;-466333;7;KORRES;Internacional;14;;28;;
65284;2993;25/ago/24;19;2;0;BA;Salvador;-129714;-385014;6;FENTY BEAUTY;Internacional;149;;298;;
78847;2014;23/dez/24;34;2;0;BA;Salvador;-129714;-385014;6;DIOR;Internacional;255;;510;;
74089;1690;30/jun/23;121;2;0;MG;Belo Horizonte;-199245;-439352;5;CLINIQUE;Internacional;299;;598;;
13321;1489;17/mai/23;43;2;0;BA;Salvador;-129714;-385014;6;GUERLAIN;Internacional;249;;498;;
47383;8240;25/dez/23;23;2;0;MG;Belo Horizonte;-199245;-439352;5;SEPHORA COLLECTION;Internacional;539;;1078;;
89190;9024;11/out/23;124;2;0;MG;Belo Horizonte;-199245;-439352;6;GUERLAIN;Internacional;759;;1518;;
56737;3817;30/set/23;35;2;0;MG;Belo Horizonte;-199245;-439352;6;EMBRYOLISSE;Internacional;189;;378;;
88931;6668;26/dez/23;125;2;0;RJ;Rio de Janeiro;-229068;-431729;5;LA MER;Internacional;2699;;5398;;
34306;1062;22/mai/24;58;2;0;BA;Salvador;-129714;-385014;8;NARS;Internacional;219;;438;;
80194;8552;20/fev/21;30;2;0;BA;Salvador;-129714;-385014;7;NARS;Internacional;399;;798;;
29539;3761;26/ago/23;14;2;0;MG;Belo Horizonte;-199245;-439352;7;L'ORÉAL PROFESSIONNEL;Internacional;306;;612;;
44624;1060;28/dez/24;102;2;0;MG;Belo Horizonte;-199245;-439352;7;SISLEY;Internacional;1590;;3180;;
58438;4927;02/jul/23;105;2;0;SP;São Paulo;-235505;-466333;6;KORRES;Internacional;55;;110;;
99900;7296;27/mar/24;124;2;0;SP;São Paulo;-235505;-466333;6;GUERLAIN;Internacional;759;;1518;;
41705;9758;06/jul/24;79;2;0;MG;Belo Horizonte;-199245;-439352;8;GUERLAIN;Internacional;1079;;2158;;
84964;2200;30/jan/23;29;2;0;BA;Salvador;-129714;-385014;6;GUERLAIN;Internacional;459;;918;;
85749;7968;09/jul/24;44;2;0;AR;Buenos Aires;-346037;-583816;7;DIOR;Internacional;399;;798;;
52849;7815;06/dez/22;5;2;0;MG;Belo Horizonte;-199245;-439352;6;KÉRASTASE;Internacional;237;;474;;
85769;9912;10/jan/23;17;2;0;RJ;Rio de Janeiro;-229068;-431729;7;GUERLAIN;Internacional;459;;918;;
95920;9690;04/mai/23;121;2;0;RJ;Rio de Janeiro;-229068;-431729;7;CLINIQUE;Internacional;299;;598;;
86708;9306;21/jul/24;73;2;0;BA;Salvador;-129714;-385014;7;GUERLAIN;Internacional;210;;420;;
78803;3294;27/out/21;5;2;0;SP;São Paulo;-235505;-466333;6;KÉRASTASE;Internacional;237;;474;;
54014;4360;20/mar/22;16;2;0;MG;Belo Horizonte;-199245;-439352;8;KYLIE COSMETICS;Internacional;399;;798;;
21120;1018;20/set/21;62;2;0;RJ;Rio de Janeiro;-229068;-431729;6;SEPHORA COLLECTION;Internacional;129;;258;;
32852;7318;11/out/21;80;2;0;MG;Belo Horizonte;-199245;-439352;8;BURBERRY;Internacional;719;;1438;;
58515;5236;06/mar/23;85;2;0;SP;São Paulo;-235505;-466333;4;PRADA;Internacional;1199;;2398;;
93820;2920;05/dez/21;69;2;0;SP;São Paulo;-235505;-466333;3;ANASTASIA BEVERLY HILLS;Internacional;189;;378;;
87362;6126;18/abr/23;105;2;0;SP;São Paulo;-235505;-466333;6;KORRES;Internacional;55;;110;;
36417;1816;25/dez/23;2;2;0;SP;São Paulo;-235505;-466333;5;GUERLAIN;Internacional;459;;918;;
32052;2788;30/set/24;96;2;0;RJ;Rio de Janeiro;-229068;-431729;6;VICTORIO & LUCCHINO;Internacional;179;;358;;
37734;3679;25/dez/21;72;2;0;RJ;Rio de Janeiro;-229068;-431729;5;GUERLAIN;Internacional;210;;420;;
40403;8260;24/out/22;73;2;0;MG;Belo Horizonte;-199245;-439352;5;GUERLAIN;Internacional;210;;420;;
24973;5994;30/ago/24;24;2;0;BA;Salvador;-129714;-385014;5;SEPHORA COLLECTION;Internacional;279;;558;;
81155;5234;30/abr/23;27;2;0;SP;São Paulo;-235505;-466333;7;CAROLINA HERRERA;Internacional;189;;378;;
11932;4719;06/fev/21;77;2;0;BA;Salvador;-129714;-385014;8;GUERLAIN;Internacional;210;;420;;
60098;4406;25/ago/23;118;2;0;RJ;Rio de Janeiro;-229068;-431729;5;KORRES;Internacional;14;;28;;
23283;1670;25/dez/21;1;2;0;BA;Salvador;-129714;-385014;8;NIOXIN;Internacional;259;;518;;
49420;2505;07/dez/21;120;2;0;RJ;Rio de Janeiro;-229068;-431729;7;KORRES;Internacional;14;;28;;
84965;7457;11/dez/24;74;2;0;SP;São Paulo;-235505;-466333;4;SHISEIDO;Internacional;209;;418;;
11140;3942;29/mai/22;107;2;0;BA;Salvador;-129714;-385014;7;KORRES;Internacional;80;;160;;
34842;9411;28/mar/24;106;2;0;BA;Salvador;-129714;-385014;6;KORRES;Internacional;55;;110;;
36086;8081;08/ago/23;102;2;0;BA;Salvador;-129714;-385014;6;SISLEY;Internacional;1590;;3180;;
17684;4516;16/mar/23;1;2;0;MG;Belo Horizonte;-199245;-439352;5;NIOXIN;Internacional;259;;518;;
39689;1615;12/mai/21;78;2;0;BA;Salvador;-129714;-385014;5;GUERLAIN;Internacional;1239;;2478;;
66115;9841;16/mar/24;45;2;0;MG;Belo Horizonte;-199245;-439352;8;FENTY BEAUTY;Internacional;199;;398;;
88518;4801;19/dez/22;123;2;0;RJ;Rio de Janeiro;-229068;-431729;5;SISLEY;Internacional;1290;;2580;;
82805;3561;20/set/22;11;2;0;RJ;Rio de Janeiro;-229068;-431729;5;SCHWARZKOPF PROFESSIONAL;Internacional;157;;314;;
61098;1383;21/out/24;124;2;0;BA;Salvador;-129714;-385014;8;GUERLAIN;Internacional;759;;1518;;
72154;5334;21/dez/21;80;2;0;MG;Belo Horizonte;-199245;-439352;6;BURBERRY;Internacional;719;;1438;;
22991;5290;18/mai/21;119;2;0;RJ;Rio de Janeiro;-229068;-431729;7;KORRES;Internacional;14;;28;;
78344;3725;20/fev/24;35;2;0;SP;São Paulo;-235505;-466333;5;EMBRYOLISSE;Internacional;189;;378;;
18016;7718;17/fev/23;73;2;0;SP;São Paulo;-235505;-466333;7;GUERLAIN;Internacional;210;;420;;
34045;4759;29/ago/21;99;2;0;AR;Buenos Aires;-346037;-583816;5;LANCÔME;Internacional;449;;898;;
62887;8002;19/mar/24;69;2;0;SP;São Paulo;-235505;-466333;6;ANASTASIA BEVERLY HILLS;Internacional;189;;378;;
91442;7396;08/ago/24;62;2;0;RJ;Rio de Janeiro;-229068;-431729;5;SEPHORA COLLECTION;Internacional;129;;258;;
59847;3828;09/set/22;35;2;0;RJ;Rio de Janeiro;-229068;-431729;7;EMBRYOLISSE;Internacional;189;;378;;
76624;4839;25/dez/23;86;2;0;SP;São Paulo;-235505;-466333;3;PRADA;Internacional;1199;;2398;;
19764;9706;15/set/22;42;2;0;CL;Santiago;-334489;-706693;5;LANCÔME;Internacional;279;;558;;
96156;5804;22/dez/21;61;2;0;MG;Belo Horizonte;-199245;-439352;8;SISLEY;Internacional;790;;1580;;
21390;1572;08/nov/21;51;2;0;MG;Belo Horizonte;-199245;-439352;7;DIOR;Internacional;389;;778;;
85969;8832;22/abr/23;35;2;0;SP;São Paulo;-235505;-466333;7;EMBRYOLISSE;Internacional;189;;378;;
64189;6741;16/jul/23;37;2;0;SP;São Paulo;-235505;-466333;3;M·A·C;Internacional;249;;498;;
58511;7838;25/dez/23;69;2;0;SP;São Paulo;-235505;-466333;5;ANASTASIA BEVERLY HILLS;Internacional;189;;378;;
42955;3827;14/fev/24;31;2;0;RJ;Rio de Janeiro;-229068;-431729;7;RARE BEAUTY;Internacional;169;;338;;
20207;3217;05/out/24;49;2;0;BA;Salvador;-129714;-385014;5;ESTÉE LAUDER;Internacional;369;;738;;
38220;5383;14/dez/24;19;2;0;MG;Belo Horizonte;-199245;-439352;7;FENTY BEAUTY;Internacional;149;;298;;
27622;1615;16/set/22;6;2;0;MG;Belo Horizonte;-199245;-439352;6;SCHWARZKOPF PROFESSIONAL;Internacional;149;;298;;
63117;5749;15/fev/24;18;2;0;AR;Buenos Aires;-346037;-583816;5;ANASTASIA BEVERLY HILLS;Internacional;229;;458;;
40750;8389;22/jan/21;31;2;0;RJ;Rio de Janeiro;-229068;-431729;6;RARE BEAUTY;Internacional;169;;338;;
10159;3789;20/mai/21;95;2;0;BA;Salvador;-129714;-385014;5;VICTORIO & LUCCHINO;Internacional;179;;358;;
24743;8175;15/mar/21;30;2;0;SP;São Paulo;-235505;-466333;3;NARS;Internacional;399;;798;;
56101;8129;03/mar/23;106;2;0;SP;São Paulo;-235505;-466333;4;KORRES;Internacional;55;;110;;
81126;3387;04/abr/24;10;2;0;MG;Belo Horizonte;-199245;-439352;7;SCHWARZKOPF PROFESSIONAL;Internacional;187;;374;;
84763;3566;15/jan/23;3;2;0;AR;Buenos Aires;-346037;-583816;6;L'ORÉAL PROFESSIONNEL;Internacional;159;;318;;
83463;6047;23/dez/21;49;2;0;AR;Buenos Aires;-346037;-583816;6;ESTÉE LAUDER;Internacional;369;;738;;
55409;8382;21/jul/24;11;2;0;MG;Belo Horizonte;-199245;-439352;5;SCHWARZKOPF PROFESSIONAL;Internacional;157;;314;;
56154;4327;29/out/22;80;2;0;SP;São Paulo;-235505;-466333;5;BURBERRY;Internacional;719;;1438;;
17016;6630;13/mai/22;96;2;0;RJ;Rio de Janeiro;-229068;-431729;7;VICTORIO & LUCCHINO;Internacional;179;;358;;
99081;8431;13/nov/23;91;2;0;RJ;Rio de Janeiro;-229068;-431729;6;AZZARO;Internacional;349;;698;;
32736;4135;04/ago/21;23;2;0;BA;Salvador;-129714;-385014;6;SEPHORA COLLECTION;Internacional;539;;1078;;
89623;2546;17/mar/22;25;2;0;RJ;Rio de Janeiro;-229068;-431729;5;CAROLINA HERRERA;Internacional;189;;378;;
65103;3617;13/jul/24;42;2;0;MG;Belo Horizonte;-199245;-439352;8;LANCÔME;Internacional;279;;558;;
80812;9954;12/jun/24;74;2;0;SP;São Paulo;-235505;-466333;5;SHISEIDO;Internacional;209;;418;;
29008;3775;25/nov/23;66;2;0;AR;Buenos Aires;-346037;-583816;6;ESTÉE LAUDER;Internacional;399;;798;;
63384;4970;31/ago/24;105;2;0;SP;São Paulo;-235505;-466333;4;KORRES;Internacional;55;;110;;
15793;8972;21/jan/21;26;2;0;MG;Belo Horizonte;-199245;-439352;6;CAROLINA HERRERA;Internacional;189;;378;;
26209;6415;21/jan/22;53;2;0;RJ;Rio de Janeiro;-229068;-431729;7;SISLEY;Internacional;920;;1840;;
49129;1191;27/ago/24;59;2;0;BA;Salvador;-129714;-385014;7;FENTY BEAUTY;Internacional;169;;338;;
85357;3430;01/nov/24;39;2;0;MG;Belo Horizonte;-199245;-439352;8;TOO FACED;Internacional;229;;458;;
88356;8542;14/out/21;76;2;0;SP;São Paulo;-235505;-466333;5;DIOR;Internacional;269;;538;;
15842;4373;26/mar/23;104;2;0;RJ;Rio de Janeiro;-229068;-431729;5;SISLEY;Internacional;1450;;2900;;
76852;2289;05/mai/24;41;2;0;BA;Salvador;-129714;-385014;6;CAROLINA HERRERA;Internacional;239;;478;;
32005;7381;09/mai/22;117;2;0;SP;São Paulo;-235505;-466333;4;KORRES;Internacional;14;;28;;
28971;4183;20/abr/22;21;2;0;RJ;Rio de Janeiro;-229068;-431729;7;ANASTASIA BEVERLY HILLS;Internacional;479;;958;;
35599;6462;12/out/21;56;2;0;BA;Salvador;-129714;-385014;6;DIOR BACKSTAGE;Internacional;229;;458;;
97592;4216;18/jun/24;83;2;0;RJ;Rio de Janeiro;-229068;-431729;6;CAROLINA HERRERA;Internacional;729;;1458;;
97697;3782;04/dez/21;26;2;0;SP;São Paulo;-235505;-466333;3;CAROLINA HERRERA;Internacional;189;;378;;
12257;6208;01/jul/23;65;2;0;RJ;Rio de Janeiro;-229068;-431729;7;EMBRYOLISSE;Internacional;439;;878;;
91423;6518;07/out/21;89;2;0;AR;Buenos Aires;-346037;-583816;7;MARINA DE BOURBON;Internacional;413;;826;;
86396;3440;22/set/24;19;2;0;MG;Belo Horizonte;-199245;-439352;7;FENTY BEAUTY;Internacional;149;;298;;
84083;3535;18/jul/23;65;2;0;BA;Salvador;-129714;-385014;7;EMBRYOLISSE;Internacional;439;;878;;
36672;6074;03/fev/22;27;2;0;MG;Belo Horizonte;-199245;-439352;5;CAROLINA HERRERA;Internacional;189;;378;;
14213;2881;03/mar/21;83;2;0;BA;Salvador;-129714;-385014;7;CAROLINA HERRERA;Internacional;729;;1458;;
72507;5405;16/abr/21;23;2;0;MG;Belo Horizonte;-199245;-439352;7;SEPHORA COLLECTION;Internacional;539;;1078;;
18016;1052;22/dez/23;33;2;0;BA;Salvador;-129714;-385014;7;KYLIE COSMETICS;Internacional;159;;318;;
46021;1719;15/mai/22;35;2;0;RJ;Rio de Janeiro;-229068;-431729;6;EMBRYOLISSE;Internacional;189;;378;;
22828;3294;09/jul/21;21;2;0;MG;Belo Horizonte;-199245;-439352;5;ANASTASIA BEVERLY HILLS;Internacional;479;;958;;
16588;8659;21/jul/22;58;3;0;BA;Salvador;-129714;-385014;5;NARS;Internacional;219;;657;;
72032;2994;03/jul/21;1;3;0;RJ;Rio de Janeiro;-229068;-431729;7;NIOXIN;Internacional;259;;777;;
17521;2072;03/abr/21;81;3;0;SP;São Paulo;-235505;-466333;3;LANCÔME;Internacional;909;;2727;;
93457;4644;24/mai/24;20;3;0;RJ;Rio de Janeiro;-229068;-431729;8;FENTY BEAUTY;Internacional;149;;447;;
28489;4212;09/jun/21;120;3;0;BA;Salvador;-129714;-385014;5;KORRES;Internacional;14;;42;;
32263;7976;15/mai/24;26;3;0;MG;Belo Horizonte;-199245;-439352;8;CAROLINA HERRERA;Internacional;189;;567;;
23565;8594;18/out/23;61;3;0;MG;Belo Horizonte;-199245;-439352;7;SISLEY;Internacional;790;;2370;;
30354;6158;01/ago/24;11;3;0;SP;São Paulo;-235505;-466333;4;SCHWARZKOPF PROFESSIONAL;Internacional;157;;471;;
60729;7236;27/ago/24;103;3;0;SP;São Paulo;-235505;-466333;5;KORRES;Internacional;229;;687;;
61578;5009;28/mai/24;16;3;0;SP;São Paulo;-235505;-466333;6;KYLIE COSMETICS;Internacional;399;;1197;;
31038;4318;09/abr/23;63;3;0;BA;Salvador;-129714;-385014;6;LAURA MERCIER;Internacional;209;;627;;
89057;9792;17/abr/23;48;3;0;BA;Salvador;-129714;-385014;7;NARS;Internacional;339;;1017;;
95120;4008;04/jun/23;5;3;0;RJ;Rio de Janeiro;-229068;-431729;6;KÉRASTASE;Internacional;237;;711;;
90685;2132;11/nov/22;48;3;0;AR;Buenos Aires;-346037;-583816;8;NARS;Internacional;339;;1017;;
52870;8812;22/ago/21;12;3;0;BA;Salvador;-129714;-385014;7;SCHWARZKOPF PROFESSIONAL;Internacional;157;;471;;
25036;8415;10/abr/24;27;3;0;MG;Belo Horizonte;-199245;-439352;6;CAROLINA HERRERA;Internacional;189;;567;;
23230;3749;20/nov/22;33;3;0;BA;Salvador;-129714;-385014;8;KYLIE COSMETICS;Internacional;159;;477;;
86637;9463;14/dez/21;9;3;0;SP;São Paulo;-235505;-466333;5;SCHWARZKOPF PROFESSIONAL;Internacional;149;;447;;
88112;4722;24/out/22;4;3;0;BA;Salvador;-129714;-385014;8;L'ORÉAL PROFESSIONNEL;Internacional;193;;579;;
97969;6679;01/jan/23;26;3;0;SP;São Paulo;-235505;-466333;7;CAROLINA HERRERA;Internacional;189;;567;;
11089;7579;23/nov/24;79;3;0;AR;Buenos Aires;-346037;-583816;8;GUERLAIN;Internacional;1079;;3237;;
84663;6754;10/jul/24;14;3;0;RJ;Rio de Janeiro;-229068;-431729;5;L'ORÉAL PROFESSIONNEL;Internacional;306;;918;;
38795;5199;04/jul/23;25;3;0;SP;São Paulo;-235505;-466333;3;CAROLINA HERRERA;Internacional;189;;567;;
73278;1166;14/out/21;11;3;0;MG;Belo Horizonte;-199245;-439352;5;SCHWARZKOPF PROFESSIONAL;Internacional;157;;471;;
19528;4664;20/fev/24;86;3;0;MG;Belo Horizonte;-199245;-439352;7;PRADA;Internacional;1199;;3597;;
60939;3292;21/set/24;29;3;0;SP;São Paulo;-235505;-466333;5;GUERLAIN;Internacional;459;;1377;;
32746;3230;24/ago/24;115;3;0;AR;Buenos Aires;-346037;-583816;5;KORRES;Internacional;15;;45;;
82237;2567;14/mar/21;96;3;0;SP;São Paulo;-235505;-466333;6;VICTORIO & LUCCHINO;Internacional;179;;537;;
22109;3535;18/set/21;78;3;0;AR;Buenos Aires;-346037;-583816;8;GUERLAIN;Internacional;1239;;3717;;
33383;5796;04/out/23;87;3;0;BA;Salvador;-129714;-385014;8;JO MALONE LONDON;Internacional;390;;1170;;
79624;1992;01/fev/24;106;3;0;SP;São Paulo;-235505;-466333;3;KORRES;Internacional;55;;165;;
25282;6287;07/mai/23;107;3;0;SP;São Paulo;-235505;-466333;3;KORRES;Internacional;80;;240;;
85948;2855;18/fev/21;20;3;0;BA;Salvador;-129714;-385014;6;FENTY BEAUTY;Internacional;149;;447;;
41655;9566;25/dez/22;74;3;0;AR;Buenos Aires;-346037;-583816;8;SHISEIDO;Internacional;209;;627;;
69711;5559;24/jan/21;121;3;0;RJ;Rio de Janeiro;-229068;-431729;8;CLINIQUE;Internacional;299;;897;;
73095;7261;21/out/23;1;3;0;SP;São Paulo;-235505;-466333;4;NIOXIN;Internacional;259;;777;;
59879;1201;30/jun/24;33;3;0;BA;Salvador;-129714;-385014;8;KYLIE COSMETICS;Internacional;159;;477;;
98668;9399;09/mai/24;39;3;0;SP;São Paulo;-235505;-466333;7;TOO FACED;Internacional;229;;687;;
28230;3600;05/abr/24;53;3;0;SP;São Paulo;-235505;-466333;4;SISLEY;Internacional;920;;2760;;
27569;3555;07/jun/24;7;3;0;SP;São Paulo;-235505;-466333;4;SISLEY;Internacional;600;;1800;;
21190;3305;04/ago/22;61;3;0;AR;Buenos Aires;-346037;-583816;7;SISLEY;Internacional;790;;2370;;
16716;9801;28/jul/23;70;3;0;CL;Santiago;-334489;-706693;8;NARS;Internacional;209;;627;;
16796;5937;19/out/21;30;3;0;BA;Salvador;-129714;-385014;5;NARS;Internacional;399;;1197;;
96716;1369;17/mar/24;116;3;0;RJ;Rio de Janeiro;-229068;-431729;8;KORRES;Internacional;14;;42;;
68557;2779;30/dez/23;5;3;0;RJ;Rio de Janeiro;-229068;-431729;8;KÉRASTASE;Internacional;237;;711;;
98296;5138;31/out/24;4;3;0;MG;Belo Horizonte;-199245;-439352;8;L'ORÉAL PROFESSIONNEL;Internacional;193;;579;;
15463;5017;07/mar/24;19;3;0;SP;São Paulo;-235505;-466333;7;FENTY BEAUTY;Internacional;149;;447;;
91554;9252;30/ago/21;6;3;0;BA;Salvador;-129714;-385014;5;SCHWARZKOPF PROFESSIONAL;Internacional;149;;447;;
62780;5426;31/out/22;62;3;0;RJ;Rio de Janeiro;-229068;-431729;5;SEPHORA COLLECTION;Internacional;129;;387;;
32432;1602;03/jun/21;31;3;0;RJ;Rio de Janeiro;-229068;-431729;6;RARE BEAUTY;Internacional;169;;507;;
45820;6488;06/set/24;70;3;0;MG;Belo Horizonte;-199245;-439352;7;NARS;Internacional;209;;627;;
77411;2873;24/ago/24;98;3;0;SP;São Paulo;-235505;-466333;6;CAROLINA HERRERA;Internacional;629;;1887;;
33377;4258;06/fev/23;31;3;0;AR;Buenos Aires;-346037;-583816;7;RARE BEAUTY;Internacional;169;;507;;
34995;9933;11/ago/23;36;3;0;RJ;Rio de Janeiro;-229068;-431729;6;FENTY BEAUTY;Internacional;119;;357;;
56619;1644;17/dez/24;7;3;0;RJ;Rio de Janeiro;-229068;-431729;7;SISLEY;Internacional;600;;1800;;
43154;6059;26/fev/23;44;3;0;BA;Salvador;-129714;-385014;6;DIOR;Internacional;399;;1197;;
88928;5841;24/jul/24;119;3;0;CL;Santiago;-334489;-706693;7;KORRES;Internacional;14;;42;;
38669;4606;21/mai/24;107;3;0;RJ;Rio de Janeiro;-229068;-431729;5;KORRES;Internacional;80;;240;;
12282;9468;31/dez/24;114;3;0;BA;Salvador;-129714;-385014;6;KORRES;Internacional;14;;42;;
77534;3591;28/out/24;56;3;0;RJ;Rio de Janeiro;-229068;-431729;5;DIOR BACKSTAGE;Internacional;229;;687;;
47437;3854;22/set/21;73;3;0;SP;São Paulo;-235505;-466333;4;GUERLAIN;Internacional;210;;630;;
84878;7972;11/set/23;17;3;0;MG;Belo Horizonte;-199245;-439352;6;GUERLAIN;Internacional;459;;1377;;
49758;4687;03/jan/24;107;3;0;SP;São Paulo;-235505;-466333;3;KORRES;Internacional;80;;240;;
92279;9676;25/jan/21;22;3;0;RJ;Rio de Janeiro;-229068;-431729;5;ANASTASIA BEVERLY HILLS;Internacional;399;;1197;;
81442;6783;08/dez/24;66;3;0;SP;São Paulo;-235505;-466333;4;ESTÉE LAUDER;Internacional;399;;1197;;
21738;4005;07/jun/21;95;3;0;BA;Salvador;-129714;-385014;8;VICTORIO & LUCCHINO;Internacional;179;;537;;
57498;4552;22/set/21;3;3;0;RJ;Rio de Janeiro;-229068;-431729;7;L'ORÉAL PROFESSIONNEL;Internacional;159;;477;;
10929;9640;23/dez/21;82;3;0;MG;Belo Horizonte;-199245;-439352;6;GIORGIO ARMANI;Internacional;899;;2697;;
87487;2948;15/set/22;4;3;0;RJ;Rio de Janeiro;-229068;-431729;6;L'ORÉAL PROFESSIONNEL;Internacional;193;;579;;
17597;3687;06/set/21;118;3;0;MG;Belo Horizonte;-199245;-439352;7;KORRES;Internacional;14;;42;;
57093;5951;14/fev/23;10;3;0;MG;Belo Horizonte;-199245;-439352;5;SCHWARZKOPF PROFESSIONAL;Internacional;187;;561;;
94092;9442;04/ago/24;13;3;0;BA;Salvador;-129714;-385014;5;SCHWARZKOPF PROFESSIONAL;Internacional;157;;471;;
16344;4816;22/out/22;46;3;0;RJ;Rio de Janeiro;-229068;-431729;5;GUERLAIN;Internacional;509;;1527;;
73918;5008;15/jan/24;29;3;0;SP;São Paulo;-235505;-466333;4;GUERLAIN;Internacional;459;;1377;;
52261;3104;25/jan/23;119;3;0;RJ;Rio de Janeiro;-229068;-431729;7;KORRES;Internacional;14;;42;;
86449;3581;07/ago/22;105;3;0;BA;Salvador;-129714;-385014;8;KORRES;Internacional;55;;165;;
66882;5177;11/abr/23;77;3;0;BA;Salvador;-129714;-385014;6;GUERLAIN;Internacional;210;;630;;
72443;1531;01/jan/23;9;3;0;BA;Salvador;-129714;-385014;7;SCHWARZKOPF PROFESSIONAL;Internacional;149;;447;;
35879;8739;16/dez/24;44;3;0;MG;Belo Horizonte;-199245;-439352;8;DIOR;Internacional;399;;1197;;
67169;1249;17/dez/22;122;3;0;BA;Salvador;-129714;-385014;5;CLARINS;Internacional;699;;2097;;
68342;6330;26/mai/24;98;3;0;BA;Salvador;-129714;-385014;8;CAROLINA HERRERA;Internacional;629;;1887;;
11307;9235;02/dez/21;58;3;0;BA;Salvador;-129714;-385014;7;NARS;Internacional;219;;657;;
54789;6876;17/set/23;76;3;0;MG;Belo Horizonte;-199245;-439352;6;DIOR;Internacional;269;;807;;
76093;3575;03/out/21;26;3;0;RJ;Rio de Janeiro;-229068;-431729;7;CAROLINA HERRERA;Internacional;189;;567;;
46304;7111;26/jun/24;7;3;0;MG;Belo Horizonte;-199245;-439352;5;SISLEY;Internacional;600;;1800;;
79338;3915;10/jan/22;79;3;0;SP;São Paulo;-235505;-466333;3;GUERLAIN;Internacional;1079;;3237;;
32190;2230;23/mai/24;117;3;0;SP;São Paulo;-235505;-466333;4;KORRES;Internacional;14;;42;;
90018;9799;06/mar/22;123;3;0;AR;Buenos Aires;-346037;-583816;7;SISLEY;Internacional;1290;;3870;;
37103;9092;28/ago/22;51;3;0;SP;São Paulo;-235505;-466333;3;DIOR;Internacional;389;;1167;;
15845;7033;28/abr/24;76;3;0;MG;Belo Horizonte;-199245;-439352;8;DIOR;Internacional;269;;807;;
21944;5460;23/jul/23;24;3;0;MG;Belo Horizonte;-199245;-439352;8;SEPHORA COLLECTION;Internacional;279;;837;;
34322;5996;12/set/23;19;3;0;BA;Salvador;-129714;-385014;7;FENTY BEAUTY;Internacional;149;;447;;
97329;4539;30/jan/23;81;3;0;BA;Salvador;-129714;-385014;6;LANCÔME;Internacional;909;;2727;;
84085;4226;14/set/21;125;3;0;RJ;Rio de Janeiro;-229068;-431729;7;LA MER;Internacional;2699;;8097;;
80721;8031;31/jul/24;36;3;0;RJ;Rio de Janeiro;-229068;-431729;7;FENTY BEAUTY;Internacional;119;;357;;
66699;3505;09/mai/24;33;3;0;BA;Salvador;-129714;-385014;8;KYLIE COSMETICS;Internacional;159;;477;;
77904;9566;15/out/21;34;3;0;MG;Belo Horizonte;-199245;-439352;8;DIOR;Internacional;255;;765;;
25592;8226;12/dez/21;56;3;0;MG;Belo Horizonte;-199245;-439352;5;DIOR BACKSTAGE;Internacional;229;;687;;
44324;2319;11/out/22;82;3;0;RJ;Rio de Janeiro;-229068;-431729;8;GIORGIO ARMANI;Internacional;899;;2697;;
86112;3690;19/nov/23;65;3;0;AR;Buenos Aires;-346037;-583816;5;EMBRYOLISSE;Internacional;439;;1317;;
81121;6866;19/mai/23;84;3;0;SP;São Paulo;-235505;-466333;5;PRADA;Internacional;1199;;3597;;
58766;7231;30/out/24;94;3;0;SP;São Paulo;-235505;-466333;3;LOEWE;Internacional;2435;;7305;;
37990;7953;05/mai/24;3;3;0;SP;São Paulo;-235505;-466333;3;L'ORÉAL PROFESSIONNEL;Internacional;159;;477;;
90811;3411;27/jan/24;49;3;0;MG;Belo Horizonte;-199245;-439352;7;ESTÉE LAUDER;Internacional;369;;1107;;
53148;5331;21/fev/21;65;3;0;BA;Salvador;-129714;-385014;5;EMBRYOLISSE;Internacional;439;;1317;;
73115;8357;29/ago/24;117;3;0;SP;São Paulo;-235505;-466333;4;KORRES;Internacional;14;;42;;
27508;4199;12/fev/21;36;3;0;BA;Salvador;-129714;-385014;8;FENTY BEAUTY;Internacional;119;;357;;
84619;7324;22/set/24;33;3;0;SP;São Paulo;-235505;-466333;7;KYLIE COSMETICS;Internacional;159;;477;;
88860;1776;18/mai/22;88;3;0;RJ;Rio de Janeiro;-229068;-431729;5;CHLOÉ;Internacional;209;;627;;
30808;7094;04/ago/24;9;3;0;SP;São Paulo;-235505;-466333;6;SCHWARZKOPF PROFESSIONAL;Internacional;149;;447;;
37747;4103;10/dez/21;47;3;0;MG;Belo Horizonte;-199245;-439352;8;RARE BEAUTY;Internacional;229;;687;;
95896;6201;11/mai/23;65;3;0;SP;São Paulo;-235505;-466333;6;EMBRYOLISSE;Internacional;439;;1317;;
26923;5143;12/jun/22;1;3;0;MG;Belo Horizonte;-199245;-439352;8;NIOXIN;Internacional;259;;777;;
64336;1186;27/jun/22;77;3;0;RJ;Rio de Janeiro;-229068;-431729;6;GUERLAIN;Internacional;210;;630;;
28199;2445;05/jun/21;17;3;0;BA;Salvador;-129714;-385014;7;GUERLAIN;Internacional;459;;1377;;
61813;3785;25/dez/23;69;3;0;BA;Salvador;-129714;-385014;5;ANASTASIA BEVERLY HILLS;Internacional;189;;567;;
34087;7855;09/out/22;35;3;0;SP;São Paulo;-235505;-466333;7;EMBRYOLISSE;Internacional;189;;567;;
77169;6939;08/mai/24;93;4;0;SP;São Paulo;-235505;-466333;5;AZZARO;Internacional;349;;1396;;
67326;6085;22/ago/22;51;4;0;BA;Salvador;-129714;-385014;8;DIOR;Internacional;389;;1556;;
77263;8888;24/out/23;86;4;0;SP;São Paulo;-235505;-466333;6;PRADA;Internacional;1199;;4796;;
28708;8160;16/mar/24;51;5;0;AR;Buenos Aires;-346037;-583816;9;DIOR;Internacional;389;;1945;;
84905;6258;29/mar/24;53;6;0;BA;Salvador;-129714;-385014;10;SISLEY;Internacional;920;;5520;;
49961;3409;14/jun/22;56;5;0;SP;São Paulo;-235505;-466333;7;DIOR BACKSTAGE;Internacional;229;;1145;;
87067;1628;19/mar/22;87;6;0;BA;Salvador;-129714;-385014;8;JO MALONE LONDON;Internacional;390;;2340;;
77843;2913;21/ago/23;37;4;0;MG;Belo Horizonte;-199245;-439352;9;M·A·C;Internacional;249;;996;;
49901;6520;08/dez/23;118;4;0;SP;São Paulo;-235505;-466333;7;KORRES;Internacional;14;;56;;
64400;1699;19/out/24;42;4;0;RJ;Rio de Janeiro;-229068;-431729;11;LANCÔME;Internacional;279;;1116;;
11283;9275;21/abr/22;31;5;0;MG;Belo Horizonte;-199245;-439352;11;RARE BEAUTY;Internacional;169;;845;;
19587;1580;15/nov/21;81;4;0;MG;Belo Horizonte;-199245;-439352;8;LANCÔME;Internacional;909;;3636;;
56037;4156;13/jan/24;107;5;0;SP;São Paulo;-235505;-466333;4;KORRES;Internacional;80;;400;;
79615;9533;05/jul/24;55;4;0;BA;Salvador;-129714;-385014;6;GUERLAIN;Internacional;299;;1196;;
81986;9497;30/nov/24;24;5;0;RJ;Rio de Janeiro;-229068;-431729;7;SEPHORA COLLECTION;Internacional;279;;1395;;
65915;3708;16/fev/21;63;7;0;SP;São Paulo;-235505;-466333;3;LAURA MERCIER;Internacional;209;;1463;;
37516;3832;09/out/24;57;4;0;RJ;Rio de Janeiro;-229068;-431729;11;EMBRYOLISSE;Internacional;229;;916;;
20487;3800;22/jun/22;34;5;0;SP;São Paulo;-235505;-466333;3;DIOR;Internacional;255;;1275;;
39516;2538;30/abr/23;2;5;0;RJ;Rio de Janeiro;-229068;-431729;7;GUERLAIN;Internacional;459;;2295;;
12597;2151;21/fev/23;115;4;0;MG;Belo Horizonte;-199245;-439352;12;KORRES;Internacional;15;;60;;
25037;9234;17/mar/21;121;6;0;RJ;Rio de Janeiro;-229068;-431729;11;CLINIQUE;Internacional;299;;1794;;
79785;3972;17/abr/21;121;6;0;MG;Belo Horizonte;-199245;-439352;12;CLINIQUE;Internacional;299;;1794;;
21002;5986;07/dez/21;22;5;0;MG;Belo Horizonte;-199245;-439352;11;ANASTASIA BEVERLY HILLS;Internacional;399;;1995;;
89676;5068;01/jul/23;71;4;0;SP;São Paulo;-235505;-466333;6;CAROLINA HERRERA;Internacional;185;;740;;
59416;5595;13/mar/24;4;4;0;BA;Salvador;-129714;-385014;6;L'ORÉAL PROFESSIONNEL;Internacional;193;;772;;
33567;1049;08/out/23;59;4;0;MG;Belo Horizonte;-199245;-439352;7;FENTY BEAUTY;Internacional;169;;676;;
84813;4560;14/jul/24;29;5;0;RJ;Rio de Janeiro;-229068;-431729;10;GUERLAIN;Internacional;459;;2295;;
54900;8644;11/nov/22;53;5;0;SP;São Paulo;-235505;-466333;4;SISLEY;Internacional;920;;4600;;
17368;3761;02/fev/21;70;4;0;CL;Santiago;-334489;-706693;7;NARS;Internacional;209;;836;;
69871;7160;13/fev/21;118;4;0;MG;Belo Horizonte;-199245;-439352;12;KORRES;Internacional;14;;56;;
99388;1517;23/mai/24;30;5;0;MG;Belo Horizonte;-199245;-439352;12;NARS;Internacional;399;;1995;;
36649;7241;12/fev/24;21;4;0;RJ;Rio de Janeiro;-229068;-431729;7;ANASTASIA BEVERLY HILLS;Internacional;479;;1916;;
18770;4849;08/mar/24;37;4;0;BA;Salvador;-129714;-385014;10;M·A·C;Internacional;249;;996;;
21093;8519;02/ago/21;98;5;0;SP;São Paulo;-235505;-466333;3;CAROLINA HERRERA;Internacional;629;;3145;;
12261;2271;03/nov/24;16;5;0;MG;Belo Horizonte;-199245;-439352;11;KYLIE COSMETICS;Internacional;399;;1995;;
15482;3962;25/out/22;25;4;0;MG;Belo Horizonte;-199245;-439352;9;CAROLINA HERRERA;Internacional;189;;756;;
13744;6307;27/set/22;13;4;0;BA;Salvador;-129714;-385014;7;SCHWARZKOPF PROFESSIONAL;Internacional;157;;628;;
26715;8697;05/jun/23;67;6;0;AR;Buenos Aires;-346037;-583816;12;KYLIE COSMETICS;Internacional;169;;1014;;
44610;4278;25/dez/22;27;4;0;RJ;Rio de Janeiro;-229068;-431729;7;CAROLINA HERRERA;Internacional;189;;756;;
72068;1241;27/nov/24;30;5;0;BA;Salvador;-129714;-385014;9;NARS;Internacional;399;;1995;;
27858;2647;02/out/21;55;4;0;RJ;Rio de Janeiro;-229068;-431729;12;GUERLAIN;Internacional;299;;1196;;
74047;5757;20/ago/23;31;4;0;RJ;Rio de Janeiro;-229068;-431729;9;RARE BEAUTY;Internacional;169;;676;;
27297;6628;18/ago/22;10;4;0;MG;Belo Horizonte;-199245;-439352;6;SCHWARZKOPF PROFESSIONAL;Internacional;187;;748;;
27438;6618;01/set/24;31;4;0;MG;Belo Horizonte;-199245;-439352;11;RARE BEAUTY;Internacional;169;;676;;
82127;6388;14/out/22;122;4;0;BA;Salvador;-129714;-385014;11;CLARINS;Internacional;699;;2796;;
89674;2776;04/mai/24;59;4;0;RJ;Rio de Janeiro;-229068;-431729;7;FENTY BEAUTY;Internacional;169;;676;;
12169;7314;19/jun/21;86;4;0;MG;Belo Horizonte;-199245;-439352;7;PRADA;Internacional;1199;;4796;;
74386;9923;10/dez/23;40;5;0;SP;São Paulo;-235505;-466333;6;CAROLINA HERRERA;Internacional;239;;1195;;
53949;9181;15/ago/23;47;4;0;RJ;Rio de Janeiro;-229068;-431729;10;RARE BEAUTY;Internacional;229;;916;;
65778;3890;15/mar/22;118;6;0;BA;Salvador;-129714;-385014;8;KORRES;Internacional;14;;84;;
30219;6255;19/mai/23;53;4;0;SP;São Paulo;-235505;-466333;7;SISLEY;Internacional;920;;3680;;
65690;4645;12/jun/22;3;5;0;SP;São Paulo;-235505;-466333;7;L'ORÉAL PROFESSIONNEL;Internacional;159;;795;;
38064;1370;12/jun/24;125;4;0;RJ;Rio de Janeiro;-229068;-431729;9;LA MER;Internacional;2699;;10796;;
29503;1160;26/mai/24;22;5;0;BA;Salvador;-129714;-385014;11;ANASTASIA BEVERLY HILLS;Internacional;399;;1995;;
92035;4748;04/nov/22;13;4;0;RJ;Rio de Janeiro;-229068;-431729;11;SCHWARZKOPF PROFESSIONAL;Internacional;157;;628;;
25072;5500;17/abr/23;51;5;0;BA;Salvador;-129714;-385014;11;DIOR;Internacional;389;;1945;;
35518;1689;06/out/23;14;4;0;RJ;Rio de Janeiro;-229068;-431729;11;L'ORÉAL PROFESSIONNEL;Internacional;306;;1224;;
32313;6669;21/abr/24;36;4;0;RJ;Rio de Janeiro;-229068;-431729;10;FENTY BEAUTY;Internacional;119;;476;;
36943;3735;05/nov/21;26;5;0;BA;Salvador;-129714;-385014;7;CAROLINA HERRERA;Internacional;189;;945;;
27611;2474;08/mar/21;19;4;0;MG;Belo Horizonte;-199245;-439352;6;FENTY BEAUTY;Internacional;149;;596;;
68653;3850;01/jun/24;1;4;0;BA;Salvador;-129714;-385014;11;NIOXIN;Internacional;259;;1036;;
46976;9305;01/mar/22;99;4;0;BA;Salvador;-129714;-385014;7;LANCÔME;Internacional;449;;1796;;
21590;4504;27/jan/24;29;5;0;MG;Belo Horizonte;-199245;-439352;11;GUERLAIN;Internacional;459;;2295;;
42792;8609;10/abr/22;12;4;0;RJ;Rio de Janeiro;-229068;-431729;12;SCHWARZKOPF PROFESSIONAL;Internacional;157;;628;;
51160;4521;31/out/24;51;4;0;SP;São Paulo;-235505;-466333;3;DIOR;Internacional;389;;1556;;
18605;3587;02/out/24;115;7;0;BA;Salvador;-129714;-385014;9;KORRES;Internacional;15;;105;;
29810;2338;01/ago/23;56;5;0;SP;São Paulo;-235505;-466333;4;DIOR BACKSTAGE;Internacional;229;;1145;;
77628;8845;22/ago/21;4;5;0;BA;Salvador;-129714;-385014;9;L'ORÉAL PROFESSIONNEL;Internacional;193;;965;;
56092;7982;26/ago/22;41;4;0;SP;São Paulo;-235505;-466333;6;CAROLINA HERRERA;Internacional;239;;956;;
32173;6162;11/abr/23;84;4;0;RJ;Rio de Janeiro;-229068;-431729;7;PRADA;Internacional;1199;;4796;;
99400;5627;17/out/23;52;5;0;SP;São Paulo;-235505;-466333;6;DIOR;Internacional;389;;1945;;
90905;5108;27/jun/21;65;5;0;RJ;Rio de Janeiro;-229068;-431729;6;EMBRYOLISSE;Internacional;439;;2195;;
35235;9996;27/ago/23;16;4;0;MG;Belo Horizonte;-199245;-439352;9;KYLIE COSMETICS;Internacional;399;;1596;;
36917;4856;06/fev/21;105;4;0;SP;São Paulo;-235505;-466333;5;KORRES;Internacional;55;;220;;
81274;7628;16/jan/22;11;4;0;MG;Belo Horizonte;-199245;-439352;9;SCHWARZKOPF PROFESSIONAL;Internacional;157;;628;;
12224;2942;22/dez/21;48;5;0;BA;Salvador;-129714;-385014;11;NARS;Internacional;339;;1695;;
81854;5134;08/nov/22;37;6;0;BA;Salvador;-129714;-385014;8;M·A·C;Internacional;249;;1494;;
39796;5131;15/dez/22;124;7;0;MG;Belo Horizonte;-199245;-439352;7;GUERLAIN;Internacional;759;;5313;;
26211;3011;29/jul/24;119;4;0;SP;São Paulo;-235505;-466333;3;KORRES;Internacional;14;;56;;
55968;2447;31/dez/22;46;4;0;RJ;Rio de Janeiro;-229068;-431729;12;GUERLAIN;Internacional;509;;2036;;
64120;5920;03/fev/21;79;4;0;RJ;Rio de Janeiro;-229068;-431729;10;GUERLAIN;Internacional;1079;;4316;;
95992;9417;01/ago/23;89;4;0;BA;Salvador;-129714;-385014;6;MARINA DE BOURBON;Internacional;413;;1652;;
36654;6067;19/jan/22;72;4;0;MG;Belo Horizonte;-199245;-439352;6;GUERLAIN;Internacional;210;;840;;
39320;3153;05/set/24;72;4;0;BA;Salvador;-129714;-385014;12;GUERLAIN;Internacional;210;;840;;
72491;4109;21/jun/21;35;4;0;BA;Salvador;-129714;-385014;9;EMBRYOLISSE;Internacional;189;;756;;
65621;2234;07/set/23;23;4;0;BA;Salvador;-129714;-385014;8;SEPHORA COLLECTION;Internacional;539;;2156;;
43002;3032;19/nov/23;14;4;0;SP;São Paulo;-235505;-466333;5;L'ORÉAL PROFESSIONNEL;Internacional;306;;1224;;
49779;6570;06/jan/23;57;4;0;MG;Belo Horizonte;-199245;-439352;8;EMBRYOLISSE;Internacional;229;;916;;
84971;4923;31/out/22;48;3;0;MG;Belo Horizonte;-199245;-439352;6;;;;;#VALOR!;;
10162;5214;04/nov/24;58;2;0;RJ;Rio de Janeiro;-229068;-431729;5;;;;;#VALOR!;;
29675;3745;01/set/23;92;2;0;MG;Belo Horizonte;-199245;-439352;4;;;;;#VALOR!;;
60057;6818;01/mai/21;51;1;0;RJ;Rio de Janeiro;-229068;-431729;5;;;;;#VALOR!;;
42591;3222;26/jul/24;88;4;0;RJ;Rio de Janeiro;-229068;-431729;8;;;;;#VALOR!;;
19833;3792;04/set/23;40;3;0;RJ;Rio de Janeiro;-229068;-431729;5;;;;;#VALOR!;;
17896;5063;08/jan/24;30;1;0;RJ;Rio de Janeiro;-229068;-431729;5;;;;;#VALOR!;;
42972;2524;07/fev/21;125;2;0;RJ;Rio de Janeiro;-229068;-431729;3;;;;;#VALOR!;;
15347;5025;30/jan/22;83;3;0;BA;Salvador;-129714;-385014;4;;;;;#VALOR!;;
69063;3566;22/dez/21;102;1;0;MG;Belo Horizonte;-199245;-439352;4;;;;;#VALOR!;;
50785;4709;09/jul/22;3;3;0;BA;Salvador;-129714;-385014;5;;;;;#VALOR!;;
28681;7155;19/mai/23;12;1;0;MG;Belo Horizonte;-199245;-439352;3;;;;;#VALOR!;;
25892;7516;17/jun/22;41;2;0;MG;Belo Horizonte;-199245;-439352;4;;;;;#VALOR!;;
57299;5579;19/set/23;113;3;0;AR;Buenos Aires;-346037;-583816;4;;;;;#VALOR!;;
27073;1972;12/out/21;48;2;0;RJ;Rio de Janeiro;-229068;-431729;5;;;;;#VALOR!;;
58330;5552;16/abr/24;80;2;0;AR;Buenos Aires;-346037;-583816;5;;;;;#VALOR!;;
87454;5426;04/mai/23;35;2;0;RJ;Rio de Janeiro;-229068;-431729;6;;;;;#VALOR!;;
75428;7919;23/ago/23;96;3;0;MG;Belo Horizonte;-199245;-439352;5;;;;;#VALOR!;;
60601;9835;06/abr/21;0;2;0;BA;Salvador;-129714;-385014;3;;;;;#VALOR!;;
87465;9386;13/set/23;14;1;0;AR;Buenos Aires;-346037;-583816;3;;;;;#VALOR!;;
12539;9680;01/dez/21;76;3;0;MG;Belo Horizonte;-199245;-439352;6;;;;;#VALOR!;;
32669;3204;15/mai/21;16;3;0;SP;São Paulo;-235505;-466333;1;;;;;#VALOR!;;
80968;6345;02/nov/24;23;2;0;SP;São Paulo;-235505;-466333;3;;;;;#VALOR!;;
30644;4276;22/nov/24;57;1;0;SP;São Paulo;-235505;-466333;4;;;;;#VALOR!;;
28745;2102;16/mai/24;71;6;0;MG;Belo Horizonte;-199245;-439352;7;;;;;#VALOR!;;
38228;6243;09/jul/22;113;6;0;SP;São Paulo;-235505;-466333;4;;;;;#VALOR!;;
44521;7614;22/jul/21;90;3;0;BA;Salvador;-129714;-385014;4;;;;;#VALOR!;;
36928;9707;17/dez/23;108;3;0;RJ;Rio de Janeiro;-229068;-431729;4;;;;;#VALOR!;;
28322;6223;14/jan/23;15;2;0;CL;Santiago;-334489;-706693;6;BRAÉ HAIR CARE;Nacional;99;;198;;
39300;7410;25/dez/21;100;2;0;MG;Belo Horizonte;-199245;-439352;8;FEITO BRASIL;Nacional;189;;378;;
43365;6102;30/ago/24;60;1;0;BA;Salvador;-129714;-385014;5;MARINA SMITH;Nacional;63;;63;;
54629;5781;30/mai/22;113;3;0;RJ;Rio de Janeiro;-229068;-431729;5;FEITO BRASIL;Nacional;239;;717;;
96544;8763;15/out/21;109;1;0;BA;Salvador;-129714;-385014;7;FEITO BRASIL;Nacional;59;;59;;
78673;7420;04/fev/24;54;1;0;MG;Belo Horizonte;-199245;-439352;6;NIINA SECRETS;Nacional;56;;56;;
73870;9548;04/abr/23;110;1;0;CL;Santiago;-334489;-706693;8;FEITO BRASIL;Nacional;59;;59;;
19283;8186;16/mai/23;0;2;0;BA;Salvador;-129714;-385014;5;BRAÉ HAIR CARE;Nacional;85;;170;;
37624;6366;10/mar/24;108;1;0;BA;Salvador;-129714;-385014;7;FEITO BRASIL;Nacional;59;;59;;
52951;4667;10/mai/24;64;1;0;RJ;Rio de Janeiro;-229068;-431729;5;BRUNA TAVARES;Nacional;57;;57;;
98664;4583;01/jan/23;101;1;0;CL;Santiago;-334489;-706693;6;FEITO BRASIL;Nacional;189;;189;;
17239;3787;29/nov/24;101;2;0;MG;Belo Horizonte;-199245;-439352;6;FEITO BRASIL;Nacional;189;;378;;
31384;8927;10/abr/22;108;2;0;SP;São Paulo;-235505;-466333;7;FEITO BRASIL;Nacional;59;;118;;
47991;4743;16/set/23;108;2;0;CL;Santiago;-334489;-706693;6;FEITO BRASIL;Nacional;59;;118;;
21116;3765;01/dez/23;0;1;0;CL;Santiago;-334489;-706693;7;BRAÉ HAIR CARE;Nacional;85;;85;;
16629;2105;19/out/23;108;2;0;CL;Santiago;-334489;-706693;7;FEITO BRASIL;Nacional;59;;118;;
43380;4699;05/ago/22;101;5;0;AR;Buenos Aires;-346037;-583816;9;FEITO BRASIL;Nacional;189;;945;;
72987;1660;09/dez/21;0;1;0;CL;Santiago;-334489;-706693;8;BRAÉ HAIR CARE;Nacional;85;;85;;
30095;5570;12/jul/21;109;3;0;RJ;Rio de Janeiro;-229068;-431729;8;FEITO BRASIL;Nacional;59;;177;;
26154;1270;02/set/24;0;4;0;CL;Santiago;-334489;-706693;9;BRAÉ HAIR CARE;Nacional;85;;340;;
87275;7771;30/out/23;0;4;0;BA;Salvador;-129714;-385014;10;BRAÉ HAIR CARE;Nacional;85;;340;;
97489;5776;19/nov/23;75;5;0;BA;Salvador;-129714;-385014;10;MARI MARIA;Nacional;35;;175;;
62142;1824;03/jan/21;0;2;0;CL;Santiago;-334489;-706693;8;BRAÉ HAIR CARE;Nacional;85;;170;;
53732;6445;25/dez/23;113;2;0;RJ;Rio de Janeiro;-229068;-431729;6;FEITO BRASIL;Nacional;239;;478;;
22763;9575;27/fev/24;110;3;0;MG;Belo Horizonte;-199245;-439352;7;FEITO BRASIL;Nacional;59;;177;;
55096;2849;27/mar/22;108;1;0;RJ;Rio de Janeiro;-229068;-431729;8;FEITO BRASIL;Nacional;59;;59;;
10155;6310;11/nov/22;75;3;0;RJ;Rio de Janeiro;-229068;-431729;8;MARI MARIA;Nacional;35;;105;;
18179;1680;01/jan/24;54;1;0;BA;Salvador;-129714;-385014;6;NIINA SECRETS;Nacional;56;;56;;
58781;3524;07/out/22;111;3;0;SP;São Paulo;-235505;-466333;5;FEITO BRASIL;Nacional;59;;177;;
65267;3120;21/jun/22;0;2;0;CL;Santiago;-334489;-706693;7;BRAÉ HAIR CARE;Nacional;85;;170;;
56738;2907;02/jun/24;109;3;0;RJ;Rio de Janeiro;-229068;-431729;6;FEITO BRASIL;Nacional;59;;177;;
28351;8032;24/out/23;112;2;0;BA;Salvador;-129714;-385014;6;FEITO BRASIL;Nacional;349;;698;;
94866;3240;09/ago/22;60;1;0;CL;Santiago;-334489;-706693;6;MARINA SMITH;Nacional;63;;63;;
62142;8262;17/jan/24;113;1;0;RJ;Rio de Janeiro;-229068;-431729;5;FEITO BRASIL;Nacional;239;;239;;
44228;5408;16/fev/24;112;4;0;MG;Belo Horizonte;-199245;-439352;9;FEITO BRASIL;Nacional;349;;1396;;
53472;8951;03/abr/22;60;3;0;RJ;Rio de Janeiro;-229068;-431729;7;MARINA SMITH;Nacional;63;;189;;
74307;1112;24/mar/21;54;1;0;MG;Belo Horizonte;-199245;-439352;6;NIINA SECRETS;Nacional;56;;56;;
42762;2424;22/jul/21;108;1;0;RJ;Rio de Janeiro;-229068;-431729;8;FEITO BRASIL;Nacional;59;;59;;
18259;3949;01/abr/23;101;6;0;SP;São Paulo;-235505;-466333;6;FEITO BRASIL;Nacional;189;;1134;;
64869;8236;25/set/23;111;2;0;BA;Salvador;-129714;-385014;8;FEITO BRASIL;Nacional;59;;118;;
80910;1887;03/abr/21;64;2;0;SP;São Paulo;-235505;-466333;5;BRUNA TAVARES;Nacional;57;;114;;
89151;9319;18/jun/23;60;3;0;SP;São Paulo;-235505;-466333;4;MARINA SMITH;Nacional;63;;189;;
81853;4802;25/dez/23;75;3;0;RJ;Rio de Janeiro;-229068;-431729;6;MARI MARIA;Nacional;35;;105;;
59678;8162;09/ago/24;54;2;0;AR;Buenos Aires;-346037;-583816;7;NIINA SECRETS;Nacional;56;;112;;
92325;6633;01/jun/22;100;1;0;RJ;Rio de Janeiro;-229068;-431729;7;FEITO BRASIL;Nacional;189;;189;;
24567;6755;14/dez/21;110;1;0;RJ;Rio de Janeiro;-229068;-431729;6;FEITO BRASIL;Nacional;59;;59;;
99906;5117;14/mai/24;64;2;0;RJ;Rio de Janeiro;-229068;-431729;7;BRUNA TAVARES;Nacional;57;;114;;
56571;5195;08/set/24;108;1;0;MG;Belo Horizonte;-199245;-439352;5;FEITO BRASIL;Nacional;59;;59;;
96795;3461;16/out/23;111;4;0;SP;São Paulo;-235505;-466333;3;FEITO BRASIL;Nacional;59;;236;;
85868;8331;22/abr/24;110;1;0;RJ;Rio de Janeiro;-229068;-431729;6;FEITO BRASIL;Nacional;59;;59;;
78336;2920;05/abr/23;60;1;0;SP;São Paulo;-235505;-466333;4;MARINA SMITH;Nacional;63;;63;;
27543;8674;31/mai/21;68;3;0;RJ;Rio de Janeiro;-229068;-431729;5;NIINA SECRETS;Nacional;56;;168;;
69518;2337;11/ago/23;60;5;0;CL;Santiago;-334489;-706693;12;MARINA SMITH;Nacional;63;;315;;
54199;2629;29/jul/24;110;1;0;AR;Buenos Aires;-346037;-583816;8;FEITO BRASIL;Nacional;59;;59;;
88682;8786;05/fev/23;60;3;0;SP;São Paulo;-235505;-466333;7;MARINA SMITH;Nacional;63;;189;;
32190;5744;04/nov/24;64;4;0;RJ;Rio de Janeiro;-229068;-431729;9;BRUNA TAVARES;Nacional;57;;228;;
26977;3041;11/jun/21;111;1;0;MG;Belo Horizonte;-199245;-439352;7;FEITO BRASIL;Nacional;59;;59;;
71350;7915;18/set/24;15;6;0;SP;São Paulo;-235505;-466333;5;BRAÉ HAIR CARE;Nacional;99;;594;;
84637;4074;26/jul/24;108;3;0;RJ;Rio de Janeiro;-229068;-431729;7;FEITO BRASIL;Nacional;59;;177;;
16031;1195;24/dez/22;112;1;0;CL;Santiago;-334489;-706693;6;FEITO BRASIL;Nacional;349;;349;;
82982;1136;28/fev/22;113;1;0;MG;Belo Horizonte;-199245;-439352;5;FEITO BRASIL;Nacional;239;;239;;
60583;2029;30/nov/23;68;1;0;RJ;Rio de Janeiro;-229068;-431729;5;NIINA SECRETS;Nacional;56;;56;;
49332;4630;07/out/24;111;2;0;RJ;Rio de Janeiro;-229068;-431729;7;FEITO BRASIL;Nacional;59;;118;;
52359;1204;28/nov/21;64;3;0;AR;Buenos Aires;-346037;-583816;8;BRUNA TAVARES;Nacional;57;;171;;
99859;5390;03/jul/21;111;4;0;MG;Belo Horizonte;-199245;-439352;8;FEITO BRASIL;Nacional;59;;236;;
63161;4645;11/out/23;75;1;0;BA;Salvador;-129714;-385014;7;MARI MARIA;Nacional;35;;35;;
83851;4700;23/mai/22;112;1;0;SP;São Paulo;-235505;-466333;4;FEITO BRASIL;Nacional;349;;349;;
41778;7811;29/fev/24;75;5;0;CL;Santiago;-334489;-706693;8;MARI MARIA;Nacional;35;;175;;
28800;1717;17/fev/23;68;1;0;RJ;Rio de Janeiro;-229068;-431729;5;NIINA SECRETS;Nacional;56;;56;;
37716;7801;31/mai/23;111;2;0;BA;Salvador;-129714;-385014;7;FEITO BRASIL;Nacional;59;;118;;
13236;9575;24/mar/22;110;1;0;MG;Belo Horizonte;-199245;-439352;8;FEITO BRASIL;Nacional;59;;59;;
96836;3763;16/ago/22;109;3;0;SP;São Paulo;-235505;-466333;7;FEITO BRASIL;Nacional;59;;177;;
85250;9397;04/nov/23;75;3;0;CL;Santiago;-334489;-706693;7;MARI MARIA;Nacional;35;;105;;
73922;8291;06/jun/22;75;1;0;BA;Salvador;-129714;-385014;6;MARI MARIA;Nacional;35;;35;;
56840;2892;20/ago/21;15;1;0;BA;Salvador;-129714;-385014;7;BRAÉ HAIR CARE;Nacional;99;;99;;
54695;4439;27/nov/22;112;1;0;BA;Salvador;-129714;-385014;8;FEITO BRASIL;Nacional;349;;349;;
87988;4792;25/jul/24;15;1;0;CL;Santiago;-334489;-706693;6;BRAÉ HAIR CARE;Nacional;99;;99;;
45428;3618;10/out/24;15;1;0;RJ;Rio de Janeiro;-229068;-431729;6;BRAÉ HAIR CARE;Nacional;99;;99;;
36421;2925;25/dez/21;15;3;0;CL;Santiago;-334489;-706693;5;BRAÉ HAIR CARE;Nacional;99;;297;;
11708;3972;10/ago/22;110;5;0;RJ;Rio de Janeiro;-229068;-431729;10;FEITO BRASIL;Nacional;59;;295;;
86021;9995;24/mar/22;75;2;0;RJ;Rio de Janeiro;-229068;-431729;5;MARI MARIA;Nacional;35;;70;;
70011;2629;15/abr/22;110;1;0;CL;Santiago;-334489;-706693;5;FEITO BRASIL;Nacional;59;;59;;
40386;5251;13/out/21;68;2;0;BA;Salvador;-129714;-385014;5;NIINA SECRETS;Nacional;56;;112;;
61971;4940;06/out/22;75;5;0;BA;Salvador;-129714;-385014;6;MARI MARIA;Nacional;35;;175;;
58456;9960;12/jan/23;15;5;0;AR;Buenos Aires;-346037;-583816;8;BRAÉ HAIR CARE;Nacional;99;;495;;
72320;2093;29/fev/24;108;1;0;BA;Salvador;-129714;-385014;8;FEITO BRASIL;Nacional;59;;59;;
78026;2837;13/set/24;75;2;0;CL;Santiago;-334489;-706693;5;MARI MARIA;Nacional;35;;70;;
60876;3103;22/out/24;15;1;0;CL;Santiago;-334489;-706693;6;BRAÉ HAIR CARE;Nacional;99;;99;;
87949;9490;21/jul/22;54;3;0;BA;Salvador;-129714;-385014;6;NIINA SECRETS;Nacional;56;;168;;
66622;5594;02/jul/24;75;1;0;CL;Santiago;-334489;-706693;5;MARI MARIA;Nacional;35;;35;;
20503;1165;02/mai/24;68;4;0;AR;Buenos Aires;-346037;-583816;10;NIINA SECRETS;Nacional;56;;224;;
30131;8082;15/ago/23;110;1;0;SP;São Paulo;-235505;-466333;4;FEITO BRASIL;Nacional;59;;59;;
81312;4414;22/ago/23;101;5;0;CL;Santiago;-334489;-706693;11;FEITO BRASIL;Nacional;189;;945;;
99833;3904;29/ago/22;15;1;0;CL;Santiago;-334489;-706693;6;BRAÉ HAIR CARE;Nacional;99;;99;;
91253;1917;02/jan/21;15;4;0;CL;Santiago;-334489;-706693;10;BRAÉ HAIR CARE;Nacional;99;;396;;
43204;1206;25/dez/22;60;2;0;RJ;Rio de Janeiro;-229068;-431729;6;MARINA SMITH;Nacional;63;;126;;
26566;8323;15/dez/21;0;1;0;CL;Santiago;-334489;-706693;5;BRAÉ HAIR CARE;Nacional;85;;85;;
22145;4875;03/mar/24;15;2;0;RJ;Rio de Janeiro;-229068;-431729;8;BRAÉ HAIR CARE;Nacional;99;;198;;
66378;5735;17/mai/21;0;3;0;SP;São Paulo;-235505;-466333;5;BRAÉ HAIR CARE;Nacional;85;;255;;
47713;2262;11/nov/21;110;3;0;MG;Belo Horizonte;-199245;-439352;7;FEITO BRASIL;Nacional;59;;177;;
58688;2257;14/dez/22;75;1;0;CL;Santiago;-334489;-706693;5;MARI MARIA;Nacional;35;;35;;
64238;4294;11/nov/21;64;3;0;SP;São Paulo;-235505;-466333;4;BRUNA TAVARES;Nacional;57;;171;;
32440;7065;25/jul/21;75;2;0;CL;Santiago;-334489;-706693;7;MARI MARIA;Nacional;35;;70;;
51627;5145;26/nov/22;108;2;0;BA;Salvador;-129714;-385014;5;FEITO BRASIL;Nacional;59;;118;;
15571;9775;27/jun/21;112;1;0;AR;Buenos Aires;-346037;-583816;8;FEITO BRASIL;Nacional;349;;349;;
58695;7026;10/ago/23;15;1;0;AR;Buenos Aires;-346037;-583816;8;BRAÉ HAIR CARE;Nacional;99;;99;;
33478;1649;23/abr/22;64;2;0;CL;Santiago;-334489;-706693;6;BRUNA TAVARES;Nacional;57;;114;;
64575;8522;13/jun/23;15;1;0;CL;Santiago;-334489;-706693;6;BRAÉ HAIR CARE;Nacional;99;;99;;
90742;7059;19/out/23;108;1;0;RJ;Rio de Janeiro;-229068;-431729;6;FEITO BRASIL;Nacional;59;;59;;
76914;4136;13/dez/24;113;1;0;RJ;Rio de Janeiro;-229068;-431729;6;FEITO BRASIL;Nacional;239;;239;;
90769;9080;17/jan/21;75;1;0;MG;Belo Horizonte;-199245;-439352;6;MARI MARIA;Nacional;35;;35;;
28135;1844;07/abr/21;64;1;0;BA;Salvador;-129714;-385014;6;BRUNA TAVARES;Nacional;57;;57;;
83016;6509;09/fev/24;100;3;0;MG;Belo Horizonte;-199245;-439352;8;FEITO BRASIL;Nacional;189;;567;;
71997;2695;27/ago/22;109;1;0;RJ;Rio de Janeiro;-229068;-431729;6;FEITO BRASIL;Nacional;59;;59;;
30132;4262;09/ago/21;100;3;0;RJ;Rio de Janeiro;-229068;-431729;5;FEITO BRASIL;Nacional;189;;567;;
46609;7263;03/fev/24;64;2;0;CL;Santiago;-334489;-706693;7;BRUNA TAVARES;Nacional;57;;114;;
41881;8579;31/mar/22;75;3;0;MG;Belo Horizonte;-199245;-439352;6;MARI MARIA;Nacional;35;;105;;
11401;5482;07/out/21;79;2;0;MG;Belo Horizonte;-199245;-439352;3;;;1079;;2158;;
95179;1698;04/nov/24;60;1;0;SP;São Paulo;-235505;-466333;1;;;63;;63;;
25193;8243;23/jan/23;99;2;0;MG;Belo Horizonte;-199245;-439352;3;;;;;#VALOR!;;
44742;4227;08/fev/24;30;1;5;AR;Buenos Aires;-346037;-583816;3;;;;;#VALOR!;;
83997;7091;11/nov/21;68;1;15;SP;São Paulo;-235505;-466333;5;;;;;#VALOR!;;
27015;4866;11/nov/21;61;3;5;BA;Salvador;-129714;-385014;3;;;;;#VALOR!;;
59733;9224;27/nov/24;84;1;20;SP;São Paulo;-235505;-466333;5;;;;;#VALOR!;;
51800;7198;15/jun/24;121;6;10;RJ;Rio de Janeiro;-229068;-431729;10;;;;;#VALOR!;;
12643;3803;25/dez/21;21;1;10;RJ;Rio de Janeiro;-229068;-431729;5;;;;;#VALOR!;;
60026;1719;01/jan/23;44;2;10;RJ;Rio de Janeiro;-229068;-431729;5;;;;;#VALOR!;;
40682;4718;18/jun/22;19;2;10;MG;Belo Horizonte;-199245;-439352;4;;;;;#VALOR!;;
24289;8395;18/out/22;115;2;15;BA;Salvador;-129714;-385014;3;;;;;#VALOR!;;
17927;5402;07/fev/23;76;3;10;RJ;Rio de Janeiro;-229068;-431729;5;;;;;#VALOR!;;
76707;3207;06/jan/22;53;1;5;MG;Belo Horizonte;-199245;-439352;6;;;;;#VALOR!;;
91912;6690;18/nov/23;110;3;5;SP;São Paulo;-235505;-466333;5;FEITO BRASIL;Nacional;59;;177;;
34259;9652;26/nov/24;112;1;15;RJ;Rio de Janeiro;-229068;-431729;8;FEITO BRASIL;Nacional;349;;349;;
29446;8006;31/ago/23;15;1;20;MG;Belo Horizonte;-199245;-439352;8;BRAÉ HAIR CARE;Nacional;99;;99;;
24357;6241;06/jan/24;111;1;20;RJ;Rio de Janeiro;-229068;-431729;8;FEITO BRASIL;Nacional;59;;59;;
31253;7217;31/ago/24;100;2;15;CL;Santiago;-334489;-706693;5;FEITO BRASIL;Nacional;189;;378;;
36819;1289;20/set/22;109;1;5;RJ;Rio de Janeiro;-229068;-431729;5;FEITO BRASIL;Nacional;59;;59;;
69165;6810;09/nov/23;15;4;5;MG;Belo Horizonte;-199245;-439352;11;BRAÉ HAIR CARE;Nacional;99;;396;;
46116;6934;11/nov/23;75;1;20;SP;São Paulo;-235505;-466333;4;MARI MARIA;Nacional;35;;35;;
47346;1152;19/nov/24;112;7;20;MG;Belo Horizonte;-199245;-439352;9;FEITO BRASIL;Nacional;349;;2443;;
48547;8361;29/nov/21;100;1;5;CL;Santiago;-334489;-706693;5;FEITO BRASIL;Nacional;189;;189;;
63330;9112;04/dez/24;111;1;5;RJ;Rio de Janeiro;-229068;-431729;5;FEITO BRASIL;Nacional;59;;59;;
16816;8291;28/ago/21;108;1;20;BA;Salvador;-129714;-385014;6;FEITO BRASIL;Nacional;59;;59;;
24849;9708;06/dez/21;68;1;5;MG;Belo Horizonte;-199245;-439352;7;NIINA SECRETS;Nacional;56;;56;;
64306;9058;31/out/23;75;2;5;AR;Buenos Aires;-346037;-583816;8;MARI MARIA;Nacional;35;;70;;
96497;6788;02/ago/22;110;3;5;MG;Belo Horizonte;-199245;-439352;6;FEITO BRASIL;Nacional;59;;177;;
74046;6808;12/out/23;0;1;15;RJ;Rio de Janeiro;-229068;-431729;7;BRAÉ HAIR CARE;Nacional;85;;85;;
90404;7309;03/mar/24;0;2;15;MG;Belo Horizonte;-199245;-439352;8;BRAÉ HAIR CARE;Nacional;85;;170;;
39033;1816;06/mar/24;109;1;10;AR;Buenos Aires;-346037;-583816;6;FEITO BRASIL;Nacional;59;;59;;
81344;6285;30/ago/21;112;2;5;SP;São Paulo;-235505;-466333;6;FEITO BRASIL;Nacional;349;;698;;
75333;1859;21/mai/24;0;2;5;CL;Santiago;-334489;-706693;8;BRAÉ HAIR CARE;Nacional;85;;170;;
45634;6119;29/dez/22;113;3;5;RJ;Rio de Janeiro;-229068;-431729;6;FEITO BRASIL;Nacional;239;;717;;
20651;6738;16/dez/24;110;6;5;SP;São Paulo;-235505;-466333;5;FEITO BRASIL;Nacional;59;;354;;
87872;8024;08/nov/24;101;1;10;RJ;Rio de Janeiro;-229068;-431729;7;FEITO BRASIL;Nacional;189;;189;;
72493;2700;10/jul/23;68;2;5;SP;São Paulo;-235505;-466333;7;NIINA SECRETS;Nacional;56;;112;;
62395;6520;01/out/23;109;3;10;BA;Salvador;-129714;-385014;6;FEITO BRASIL;Nacional;59;;177;;
50603;2673;03/out/23;100;2;5;BA;Salvador;-129714;-385014;6;FEITO BRASIL;Nacional;189;;378;;
46575;5637;10/ago/21;108;2;10;MG;Belo Horizonte;-199245;-439352;5;FEITO BRASIL;Nacional;59;;118;;
31083;8957;18/nov/21;75;1;5;CL;Santiago;-334489;-706693;5;MARI MARIA;Nacional;35;;35;;
51862;7483;08/ago/24;100;1;5;AR;Buenos Aires;-346037;-583816;7;FEITO BRASIL;Nacional;189;;189;;
37810;7644;19/set/21;15;1;5;SP;São Paulo;-235505;-466333;5;BRAÉ HAIR CARE;Nacional;99;;99;;
52727;1067;15/set/24;110;3;5;CL;Santiago;-334489;-706693;5;FEITO BRASIL;Nacional;59;;177;;
11381;8876;07/jan/24;110;3;15;BA;Salvador;-129714;-385014;6;FEITO BRASIL;Nacional;59;;177;;
90909;8605;25/jan/22;15;2;5;RJ;Rio de Janeiro;-229068;-431729;8;BRAÉ HAIR CARE;Nacional;99;;198;;
71610;9263;26/set/24;64;1;15;CL;Santiago;-334489;-706693;5;BRUNA TAVARES;Nacional;57;;57;;
52891;1232;22/abr/22;89;4;5;CL;Santiago;-334489;-706693;7;MARINA DE BOURBON;Internacional;413;;1652;;
17345;8468;20/jun/23;38;2;5;MG;Belo Horizonte;-199245;-439352;6;TOO FACED;Internacional;229;;458;;
25352;7599;22/out/24;88;1;10;BA;Salvador;-129714;-385014;8;CHLOÉ;Internacional;209;;209;;
33481;1215;13/nov/22;29;1;15;RJ;Rio de Janeiro;-229068;-431729;6;GUERLAIN;Internacional;459;;459;;
28474;8605;14/mai/22;102;3;20;SP;São Paulo;-235505;-466333;6;SISLEY;Internacional;1590;;4770;;
22924;7353;27/ago/21;115;2;10;RJ;Rio de Janeiro;-229068;-431729;6;KORRES;Internacional;15;;30;;
40651;6637;12/mai/21;73;2;5;AR;Buenos Aires;-346037;-583816;8;GUERLAIN;Internacional;210;;420;;
80202;2116;20/jul/22;107;1;10;BA;Salvador;-129714;-385014;5;KORRES;Internacional;80;;80;;
69634;7474;20/ago/24;51;1;20;BA;Salvador;-129714;-385014;8;DIOR;Internacional;389;;389;;
47823;3743;04/set/21;32;3;10;SP;São Paulo;-235505;-466333;7;SEPHORA COLLECTION;Internacional;249;;747;;
82055;4642;23/out/23;79;2;15;SP;São Paulo;-235505;-466333;4;GUERLAIN;Internacional;1079;;2158;;
20983;2296;25/jul/22;8;1;5;RJ;Rio de Janeiro;-229068;-431729;6;SCHWARZKOPF PROFESSIONAL;Internacional;149;;149;;
28133;9436;26/abr/23;31;3;10;BA;Salvador;-129714;-385014;5;RARE BEAUTY;Internacional;169;;507;;
24939;3895;14/set/24;14;1;20;MG;Belo Horizonte;-199245;-439352;6;L'ORÉAL PROFESSIONNEL;Internacional;306;;306;;
33648;6973;25/dez/21;106;3;5;SP;São Paulo;-235505;-466333;6;KORRES;Internacional;55;;165;;
28658;3468;14/mai/24;61;4;5;SP;São Paulo;-235505;-466333;6;SISLEY;Internacional;790;;3160;;
74166;4619;31/jul/22;10;1;5;BA;Salvador;-129714;-385014;7;SCHWARZKOPF PROFESSIONAL;Internacional;187;;187;;
31800;4947;11/mai/23;5;1;5;SP;São Paulo;-235505;-466333;3;KÉRASTASE;Internacional;237;;237;;
16710;8432;18/nov/24;36;1;15;AR;Buenos Aires;-346037;-583816;7;FENTY BEAUTY;Internacional;119;;119;;
77821;3176;16/mar/21;71;3;5;RJ;Rio de Janeiro;-229068;-431729;7;CAROLINA HERRERA;Internacional;185;;555;;
16971;5422;16/abr/21;98;2;5;RJ;Rio de Janeiro;-229068;-431729;5;CAROLINA HERRERA;Internacional;629;;1258;;
39139;4824;26/mai/22;114;2;5;SP;São Paulo;-235505;-466333;7;KORRES;Internacional;14;;28;;
75794;5369;17/mar/24;103;2;5;SP;São Paulo;-235505;-466333;5;KORRES;Internacional;229;;458;;
10282;9307;16/mar/22;82;5;5;BA;Salvador;-129714;-385014;11;GIORGIO ARMANI;Internacional;899;;4495;;
21205;2772;29/jan/21;36;3;20;SP;São Paulo;-235505;-466333;5;FENTY BEAUTY;Internacional;119;;357;;
12591;3871;03/nov/23;67;1;5;SP;São Paulo;-235505;-466333;3;KYLIE COSMETICS;Internacional;169;;169;;
41852;7297;07/set/22;57;3;15;RJ;Rio de Janeiro;-229068;-431729;6;EMBRYOLISSE;Internacional;229;;687;;
66481;3179;09/ago/24;57;3;10;MG;Belo Horizonte;-199245;-439352;7;EMBRYOLISSE;Internacional;229;;687;;
43691;2422;14/nov/23;80;3;20;SP;São Paulo;-235505;-466333;6;BURBERRY;Internacional;719;;2157;;
34217;9120;31/jan/24;103;1;15;RJ;Rio de Janeiro;-229068;-431729;5;KORRES;Internacional;229;;229;;
98708;7614;01/set/24;55;1;15;RJ;Rio de Janeiro;-229068;-431729;8;GUERLAIN;Internacional;299;;299;;
36475;4832;13/nov/21;87;1;20;AR;Buenos Aires;-346037;-583816;6;JO MALONE LONDON;Internacional;390;;390;;
69042;4240;20/out/22;118;1;10;SP;São Paulo;-235505;-466333;3;KORRES;Internacional;14;;14;;
39009;7680;26/ago/24;66;4;20;MG;Belo Horizonte;-199245;-439352;8;ESTÉE LAUDER;Internacional;399;;1596;;
43866;8352;29/abr/24;23;1;5;RJ;Rio de Janeiro;-229068;-431729;6;SEPHORA COLLECTION;Internacional;539;;539;;
82516;9501;30/mai/22;19;2;5;MG;Belo Horizonte;-199245;-439352;5;FENTY BEAUTY;Internacional;149;;298;;
28058;2991;04/nov/23;103;2;20;SP;São Paulo;-235505;-466333;5;KORRES;Internacional;229;;458;;
50718;4273;23/out/24;82;1;5;SP;São Paulo;-235505;-466333;5;GIORGIO ARMANI;Internacional;899;;899;;
42602;5538;08/nov/24;66;2;10;RJ;Rio de Janeiro;-229068;-431729;5;ESTÉE LAUDER;Internacional;399;;798;;
33952;5357;18/mai/24;88;2;5;SP;São Paulo;-235505;-466333;4;CHLOÉ;Internacional;209;;418;;
60290;9752;10/nov/23;88;2;20;SP;São Paulo;-235505;-466333;3;CHLOÉ;Internacional;209;;418;;
44518;4922;29/mai/23;4;2;10;SP;São Paulo;-235505;-466333;3;L'ORÉAL PROFESSIONNEL;Internacional;193;;386;;
15075;1999;12/jun/21;17;1;5;RJ;Rio de Janeiro;-229068;-431729;5;GUERLAIN;Internacional;459;;459;;
58454;9125;18/nov/24;91;3;15;RJ;Rio de Janeiro;-229068;-431729;5;AZZARO;Internacional;349;;1047;;
66307;1451;15/nov/23;9;3;15;SP;São Paulo;-235505;-466333;7;SCHWARZKOPF PROFESSIONAL;Internacional;149;;447;;
60085;1882;09/nov/24;51;2;20;AR;Buenos Aires;-346037;-583816;5;DIOR;Internacional;389;;778;;
87175;9160;05/abr/21;52;1;15;BA;Salvador;-129714;-385014;6;DIOR;Internacional;389;;389;;
99709;7989;28/nov/22;58;1;10;SP;São Paulo;-235505;-466333;3;NARS;Internacional;219;;219;;
96710;4104;31/out/22;103;1;20;MG;Belo Horizonte;-199245;-439352;6;KORRES;Internacional;229;;229;;
45292;4951;18/abr/23;50;2;5;SP;São Paulo;-235505;-466333;5;GIVENCHY;Internacional;369;;738;;
19885;5821;17/nov/21;91;1;10;BA;Salvador;-129714;-385014;7;AZZARO;Internacional;349;;349;;
76314;3606;21/fev/21;38;1;10;MG;Belo Horizonte;-199245;-439352;7;TOO FACED;Internacional;229;;229;;
77028;4765;12/nov/22;71;3;20;MG;Belo Horizonte;-199245;-439352;6;CAROLINA HERRERA;Internacional;185;;555;;
52946;5855;16/nov/24;91;2;10;MG;Belo Horizonte;-199245;-439352;6;AZZARO;Internacional;349;;698;;
17851;7547;11/set/24;121;1;10;BA;Salvador;-129714;-385014;7;CLINIQUE;Internacional;299;;299;;
77580;7481;28/jul/21;102;2;15;MG;Belo Horizonte;-199245;-439352;7;SISLEY;Internacional;1590;;3180;;
95436;5456;15/jul/21;57;2;5;RJ;Rio de Janeiro;-229068;-431729;5;EMBRYOLISSE;Internacional;229;;458;;
52752;3642;14/nov/22;16;1;15;RJ;Rio de Janeiro;-229068;-431729;6;KYLIE COSMETICS;Internacional;399;;399;;
95925;3994;09/jul/21;89;3;5;AR;Buenos Aires;-346037;-583816;8;MARINA DE BOURBON;Internacional;413;;1239;;
38933;5120;26/jan/23;77;1;10;SP;São Paulo;-235505;-466333;7;GUERLAIN;Internacional;210;;210;;
83869;8817;29/abr/21;14;1;20;MG;Belo Horizonte;-199245;-439352;7;L'ORÉAL PROFESSIONNEL;Internacional;306;;306;;
15410;3093;24/jun/23;53;3;15;BA;Salvador;-129714;-385014;7;SISLEY;Internacional;920;;2760;;
66044;8967;21/ago/24;26;2;15;RJ;Rio de Janeiro;-229068;-431729;6;CAROLINA HERRERA;Internacional;189;;378;;
27087;3426;26/jun/21;22;1;15;MG;Belo Horizonte;-199245;-439352;5;ANASTASIA BEVERLY HILLS;Internacional;399;;399;;
80448;9560;02/nov/22;5;3;20;BA;Salvador;-129714;-385014;7;KÉRASTASE;Internacional;237;;711;;
78648;6485;02/abr/23;16;4;10;SP;São Paulo;-235505;-466333;7;KYLIE COSMETICS;Internacional;399;;1596;;
31386;6041;09/nov/23;43;1;5;RJ;Rio de Janeiro;-229068;-431729;6;GUERLAIN;Internacional;249;;249;;
62781;2184;18/nov/24;18;1;20;SP;São Paulo;-235505;-466333;3;ANASTASIA BEVERLY HILLS;Internacional;229;;229;;
71440;2551;07/jun/22;106;2;20;BA;Salvador;-129714;-385014;8;KORRES;Internacional;55;;110;;
71035;2526;19/fev/22;107;1;5;AR;Buenos Aires;-346037;-583816;8;KORRES;Internacional;80;;80;;
18210;2361;19/nov/24;34;3;10;MG;Belo Horizonte;-199245;-439352;6;DIOR;Internacional;255;;765;;
88279;6283;27/nov/24;34;1;10;MG;Belo Horizonte;-199245;-439352;7;DIOR;Internacional;255;;255;;
70348;8610;29/mar/21;18;1;5;SP;São Paulo;-235505;-466333;4;ANASTASIA BEVERLY HILLS;Internacional;229;;229;;
65398;9685;26/nov/24;47;3;10;RJ;Rio de Janeiro;-229068;-431729;7;RARE BEAUTY;Internacional;229;;687;;
46636;4644;03/nov/24;3;2;5;BA;Salvador;-129714;-385014;6;L'ORÉAL PROFESSIONNEL;Internacional;159;;318;;
20058;8296;14/out/24;95;5;15;RJ;Rio de Janeiro;-229068;-431729;6;VICTORIO & LUCCHINO;Internacional;179;;895;;
86917;2637;03/nov/22;2;3;5;RJ;Rio de Janeiro;-229068;-431729;7;GUERLAIN;Internacional;459;;1377;;
74200;6103;18/mai/24;117;3;5;MG;Belo Horizonte;-199245;-439352;5;KORRES;Internacional;14;;42;;
27154;3032;02/nov/21;23;3;20;BA;Salvador;-129714;-385014;6;SEPHORA COLLECTION;Internacional;539;;1617;;
70058;3068;10/nov/22;42;3;20;MG;Belo Horizonte;-199245;-439352;8;LANCÔME;Internacional;279;;837;;
48392;3594;28/set/23;116;1;15;MG;Belo Horizonte;-199245;-439352;8;KORRES;Internacional;14;;14;;
46788;9143;13/mai/23;125;1;15;MG;Belo Horizonte;-199245;-439352;7;LA MER;Internacional;2699;;2699;;
57775;5384;19/nov/22;105;1;5;SP;São Paulo;-235505;-466333;4;KORRES;Internacional;55;;55;;
98503;5729;25/nov/22;72;4;10;BA;Salvador;-129714;-385014;8;GUERLAIN;Internacional;210;;840;;
12011;9328;18/out/23;42;1;20;RJ;Rio de Janeiro;-229068;-431729;7;LANCÔME;Internacional;279;;279;;
18767;3242;05/nov/21;67;1;10;SP;São Paulo;-235505;-466333;4;KYLIE COSMETICS;Internacional;169;;169;;
89239;6097;29/out/23;40;1;20;BA;Salvador;-129714;-385014;8;CAROLINA HERRERA;Internacional;239;;239;;
17069;1238;24/mar/21;21;1;5;RJ;Rio de Janeiro;-229068;-431729;5;ANASTASIA BEVERLY HILLS;Internacional;479;;479;;
28693;1192;21/mar/21;8;1;5;SP;São Paulo;-235505;-466333;4;SCHWARZKOPF PROFESSIONAL;Internacional;149;;149;;
81849;8374;07/mai/21;17;1;20;BA;Salvador;-129714;-385014;8;GUERLAIN;Internacional;459;;459;;
76321;1504;21/mar/23;82;6;15;SP;São Paulo;-235505;-466333;3;GIORGIO ARMANI;Internacional;899;;5394;;
25848;3607;10/mai/22;24;4;20;RJ;Rio de Janeiro;-229068;-431729;8;SEPHORA COLLECTION;Internacional;279;;1116;;
12352;9385;04/nov/22;73;2;20;SP;São Paulo;-235505;-466333;3;GUERLAIN;Internacional;210;;420;;
84027;7079;19/set/21;98;1;10;BA;Salvador;-129714;-385014;5;CAROLINA HERRERA;Internacional;629;;629;;
91532;7003;11/set/23;6;2;10;BA;Salvador;-129714;-385014;6;SCHWARZKOPF PROFESSIONAL;Internacional;149;;298;;
47772;7239;30/jul/21;80;4;20;RJ;Rio de Janeiro;-229068;-431729;8;BURBERRY;Internacional;719;;2876;;
68478;9026;07/nov/21;63;1;15;BA;Salvador;-129714;-385014;7;LAURA MERCIER;Internacional;209;;209;;
36762;1897;13/nov/21;63;3;20;BA;Salvador;-129714;-385014;6;LAURA MERCIER;Internacional;209;;627;;
65568;7460;01/set/24;41;1;5;RJ;Rio de Janeiro;-229068;-431729;6;CAROLINA HERRERA;Internacional;239;;239;;
95090;6167;16/jun/21;81;2;5;BA;Salvador;-129714;-385014;6;LANCÔME;Internacional;909;;1818;;
28951;8871;21/abr/22;116;1;20;MG;Belo Horizonte;-199245;-439352;8;KORRES;Internacional;14;;14;;
90388;4612;26/nov/23;89;2;15;SP;São Paulo;-235505;-466333;4;MARINA DE BOURBON;Internacional;413;;826;;
85774;5678;04/jul/23;5;4;5;BA;Salvador;-129714;-385014;8;KÉRASTASE;Internacional;237;;948;;
48975;4163;25/jul/23;56;1;10;SP;São Paulo;-235505;-466333;3;DIOR BACKSTAGE;Internacional;229;;229;;
26859;3891;10/nov/21;117;1;20;CL;Santiago;-334489;-706693;6;KORRES;Internacional;14;;14;;
11207;4340;31/mai/23;89;1;15;BA;Salvador;-129714;-385014;5;MARINA DE BOURBON;Internacional;413;;413;;
68954;7539;10/out/24;12;3;20;BA;Salvador;-129714;-385014;6;SCHWARZKOPF PROFESSIONAL;Internacional;157;;471;;
89063;1857;21/nov/24;42;1;5;MG;Belo Horizonte;-199245;-439352;6;LANCÔME;Internacional;279;;279;;
12454;5886;13/set/21;16;2;20;SP;São Paulo;-235505;-466333;4;KYLIE COSMETICS;Internacional;399;;798;;
65220;1922;29/abr/24;89;2;20;RJ;Rio de Janeiro;-229068;-431729;8;MARINA DE BOURBON;Internacional;413;;826;;
46188;5172;12/out/21;18;2;20;SP;São Paulo;-235505;-466333;4;ANASTASIA BEVERLY HILLS;Internacional;229;;458;;
96698;3378;30/set/23;105;2;15;SP;São Paulo;-235505;-466333;7;KORRES;Internacional;55;;110;;
87842;3850;27/nov/22;17;5;20;MG;Belo Horizonte;-199245;-439352;6;GUERLAIN;Internacional;459;;2295;;
78899;2258;14/jun/23;33;1;10;SP;São Paulo;-235505;-466333;5;KYLIE COSMETICS;Internacional;159;;159;;
76634;4262;06/nov/21;78;3;10;SP;São Paulo;-235505;-466333;6;GUERLAIN;Internacional;1239;;3717;;
90807;4716;11/mai/23;21;3;15;SP;São Paulo;-235505;-466333;7;ANASTASIA BEVERLY HILLS;Internacional;479;;1437;;
69766;2448;29/nov/22;67;2;10;BA;Salvador;-129714;-385014;7;KYLIE COSMETICS;Internacional;169;;338;;
73671;8427;28/nov/22;8;3;10;RJ;Rio de Janeiro;-229068;-431729;7;SCHWARZKOPF PROFESSIONAL;Internacional;149;;447;;
80263;8086;17/set/22;67;3;15;RJ;Rio de Janeiro;-229068;-431729;5;KYLIE COSMETICS;Internacional;169;;507;;
33782;5529;21/fev/22;93;3;20;SP;São Paulo;-235505;-466333;6;AZZARO;Internacional;349;;1047;;
71202;2141;07/ago/23;94;1;10;SP;São Paulo;-235505;-466333;7;LOEWE;Internacional;2435;;2435;;
17190;4255;16/nov/24;115;1;5;MG;Belo Horizonte;-199245;-439352;7;KORRES;Internacional;15;;15;;
98607;9281;30/out/21;9;4;10;SP;São Paulo;-235505;-466333;7;SCHWARZKOPF PROFESSIONAL;Internacional;149;;596;;
11589;2857;17/abr/23;87;2;5;BA;Salvador;-129714;-385014;6;JO MALONE LONDON;Internacional;390;;780;;
26237;7055;16/jan/22;38;2;10;MG;Belo Horizonte;-199245;-439352;5;TOO FACED;Internacional;229;;458;;
22237;1975;02/dez/22;70;4;20;AR;Buenos Aires;-346037;-583816;6;NARS;Internacional;209;;836;;
25649;8212;08/jul/23;25;1;10;MG;Belo Horizonte;-199245;-439352;5;CAROLINA HERRERA;Internacional;189;;189;;
54757;6750;30/nov/23;1;1;15;BA;Salvador;-129714;-385014;7;NIOXIN;Internacional;259;;259;;
45205;2094;26/mar/22;39;6;20;MG;Belo Horizonte;-199245;-439352;6;TOO FACED;Internacional;229;;1374;;
72368;1861;27/mai/24;53;2;15;MG;Belo Horizonte;-199245;-439352;6;SISLEY;Internacional;920;;1840;;
22180;9828;08/mai/22;24;1;5;MG;Belo Horizonte;-199245;-439352;8;SEPHORA COLLECTION;Internacional;279;;279;;
25372;2036;06/out/23;95;3;20;BA;Salvador;-129714;-385014;5;VICTORIO & LUCCHINO;Internacional;179;;537;;
64040;7079;22/jun/22;41;3;5;RJ;Rio de Janeiro;-229068;-431729;6;CAROLINA HERRERA;Internacional;239;;717;;
37364;1687;11/nov/23;11;1;10;MG;Belo Horizonte;-199245;-439352;5;SCHWARZKOPF PROFESSIONAL;Internacional;157;;157;;
93692;5135;25/dez/22;38;1;20;RJ;Rio de Janeiro;-229068;-431729;7;TOO FACED;Internacional;229;;229;;
67505;8124;11/nov/22;59;2;20;BA;Salvador;-129714;-385014;6;FENTY BEAUTY;Internacional;169;;338;;
57377;1446;23/nov/21;50;3;5;BA;Salvador;-129714;-385014;8;GIVENCHY;Internacional;369;;1107;;
20293;1269;28/abr/22;124;1;10;MG;Belo Horizonte;-199245;-439352;8;GUERLAIN;Internacional;759;;759;;
67134;7139;08/abr/23;20;1;5;BA;Salvador;-129714;-385014;5;FENTY BEAUTY;Internacional;149;;149;;
